pos_x,pos_y,vel_x,vel_y,acc_x,acc_y,mass,dens,pres,ene,sml,id
-2.45758,-0.441104,0,0,0,0,0.791139,7.5512,2184.17,433.873,0.388418,0
-2.37196,-0.304097,0,0,0,0,0.791139,11.0853,4141.66,560.424,0.320578,1
-2.32888,-0.179145,0,0,0,0,0.791139,13.1654,5516.32,628.503,0.294165,2
-2.30991,-0.0592286,0,0,0,0,0.791139,14.1512,6221.81,659.499,0.283734,3
-2.30991,0.0592286,0,0,0,0,0.791139,14.1512,6221.81,659.499,0.283734,4
-2.32888,0.179145,0,0,0,0,0.791139,13.1654,5516.32,628.503,0.294165,5
-2.37196,0.304097,0,0,0,0,0.791139,11.0853,4141.66,560.424,0.320578,6
-2.45758,0.441104,0,0,0,0,0.791139,7.5512,2184.17,433.873,0.388418,7
-2.48652,-1.00805,0,0,0,0,0.791139,2.71859,397.955,219.574,0.647345,8
-2.22896,-0.783148,0,0,0,0,0.791139,12.1456,4822.7,595.612,0.306266,9
-2.13049,-0.633388,0,0,0,0,0.791139,17.8375,9151.35,769.558,0.25272,10
-2.07041,-0.503613,0,0,0,0,0.791139,22.0472,13027.1,886.313,0.227317,11
-2.0305,-0.384148,0,0,0,0,0.791139,25.2005,16278.3,968.927,0.21262,12
-2.00394,-0.270803,0,0,0,0,0.791139,27.4725,18797.1,1026.32,0.203638,13
-1.98754,-0.161152,0,0,0,0,0.791139,28.9501,20512.1,1062.8,0.198373,14
-1.97968,-0.0535048,0,0,0,0,0.791139,29.6791,21380.2,1080.57,0.195922,15
-1.97968,0.0535048,0,0,0,0,0.791139,29.6791,21380.2,1080.57,0.195922,16
-1.98754,0.161152,0,0,0,0,0.791139,28.9501,20512.1,1062.8,0.198373,17
-2.00394,0.270803,0,0,0,0,0.791139,27.4725,18797.1,1026.32,0.203638,18
-2.0305,0.384148,0,0,0,0,0.791139,25.2005,16278.3,968.927,0.21262,19
-2.07041,0.503613,0,0,0,0,0.791139,22.0472,13027.1,886.313,0.227317,20
-2.13049,0.633388,0,0,0,0,0.791139,17.8375,9151.35,769.558,0.25272,21
-2.22896,0.783148,0,0,0,0,0.791139,12.1456,4822.7,595.612,0.306266,22
-2.48652,1.00805,0,0,0,0,0.791139,2.71859,397.955,219.574,0.647345,23
-2.28529,-1.24059,0,0,0,0,0.791139,4.63393,967.927,313.317,0.49583,24
-2.05718,-0.999203,0,0,0,0,0.791139,15.1079,6938.5,688.896,0.274604,25
-1.9585,-0.839355,0,0,0,0,0.791139,22.0472,13027.1,886.313,0.227317,26
-1.89562,-0.704088,0,0,0,0,0.791139,27.4725,18797.1,1026.32,0.203638,27
-1.85151,-0.581903,0,0,0,0,0.791139,31.8302,24024.8,1132.17,0.189186,28
-1.81951,-0.467873,0,0,0,0,0.791139,35.3118,28562.3,1213.29,0.179617,29
-1.79632,-0.359264,0,0,0,0,0.791139,38.0181,32303,1274.51,0.173106,30
-1.7801,-0.2543,0,0,0,0,0.791139,40.0085,35170.7,1318.62,0.168745,31
-1.76978,-0.151696,0,0,0,0,0.791139,41.3185,37110.8,1347.25,0.166049,32
-1.76476,-0.0504217,0,0,0,0,0.791139,41.9689,38089.6,1361.35,0.164757,33
-1.76476,0.0504217,0,0,0,0,0.791139,41.9689,38089.6,1361.35,0.164757,34
-1.76978,0.151696,0,0,0,0,0.791139,41.3185,37110.8,1347.25,0.166049,35
-1.7801,0.2543,0,0,0,0,0.791139,40.0085,35170.7,1318.62,0.168745,36
-1.79632,0.359264,0,0,0,0,0.791139,38.0181,32303,1274.51,0.173106,37
-1.81951,0.467873,0,0,0,0,0.791139,35.3118,28562.3,1213.29,0.179617,38
-1.85151,0.581903,0,0,0,0,0.791139,31.8302,24024.8,1132.17,0.189186,39
-1.89562,0.704088,0,0,0,0,0.791139,27.4725,18797.1,1026.32,0.203638,40
-1.9585,0.839355,0,0,0,0,0.791139,22.0472,13027.1,886.313,0.227317,41
-2.05718,0.999203,0,0,0,0,0.791139,15.1079,6938.5,688.896,0.274604,42
-2.28529,1.24059,0,0,0,0,0.791139,4.63393,967.927,313.317,0.49583,43
-1.97059,-1.25401,0,0,0,0,0.791139,13.1654,5516.32,628.503,0.294165,44
-1.84658,-1.06318,0,0,0,0,0.791139,22.0472,13027.1,886.313,0.227317,45
-1.77267,-0.913193,0,0,0,0,0.791139,28.9501,20512.1,1062.8,0.198373,46
-1.7213,-0.782407,0,0,0,0,0.791139,34.6249,27642.4,1197.51,0.18139,47
-1.68338,-0.663149,0,0,0,0,0.791139,39.3487,34209.3,1304.08,0.170154,48
-1.65469,-0.551564,0,0,0,0,0.791139,43.2604,40063.1,1389.14,0.162279,49
-1.63292,-0.445341,0,0,0,0,0.791139,46.4409,45091.5,1456.42,0.156624,50
-1.61667,-0.34293,0,0,0,0,0.791139,48.9406,49208.8,1508.22,0.152571,51
-1.6051,-0.243196,0,0,0,0,0.791139,50.7917,52349.7,1546.01,0.149765,52
-1.59764,-0.14524,0,0,0,0,0.791139,52.0154,54468.7,1570.75,0.147993,53
-1.59399,-0.0483026,0,0,0,0,0.791139,52.6244,55535.7,1582.98,0.147134,54
-1.59399,0.0483026,0,0,0,0,0.791139,52.6244,55535.7,1582.98,0.147134,55
-1.59764,0.14524,0,0,0,0,0.791139,52.0154,54468.7,1570.75,0.147993,56
-1.6051,0.243196,0,0,0,0,0.791139,50.7917,52349.7,1546.01,0.149765,57
-1.61667,0.34293,0,0,0,0,0.791139,48.9406,49208.8,1508.22,0.152571,58
-1.63292,0.445341,0,0,0,0,0.791139,46.4409,45091.5,1456.42,0.156624,59
-1.65469,0.551564,0,0,0,0,0.791139,43.2604,40063.1,1389.14,0.162279,60
-1.68338,0.663149,0,0,0,0,0.791139,39.3487,34209.3,1304.08,0.170154,61
-1.7213,0.782407,0,0,0,0,0.791139,34.6249,27642.4,1197.51,0.18139,62
-1.77267,0.913193,0,0,0,0,0.791139,28.9501,20512.1,1062.8,0.198373,63
-1.84658,1.06318,0,0,0,0,0.791139,22.0472,13027.1,886.313,0.227317,64
-1.97059,1.25401,0,0,0,0,0.791139,13.1654,5516.32,628.503,0.294165,65
-2.02412,-1.63235,0,0,0,0,0.791139,4.63393,967.927,313.317,0.49583,66
-1.785,-1.32436,0,0,0,0,0.791139,17.8375,9151.35,769.558,0.25272,67
-1.68617,-1.14224,0,0,0,0,0.791139,26.7228,17950,1007.56,0.206475,68
-1.62251,-0.994442,0,0,0,0,0.791139,33.9334,26728.4,1181.51,0.183229,69
-1.57666,-0.86462,0,0,0,0,0.791139,40.0085,35170.7,1318.62,0.168745,70
-1.54194,-0.746099,0,0,0,0,0.791139,45.1766,43064.2,1429.86,0.1588,71
-1.51502,-0.635329,0,0,0,0,0.791139,49.5597,50250.7,1520.91,0.151615,72
-1.494,-0.530128,0,0,0,0,0.791139,53.2313,56607.3,1595.13,0.146293,73
-1.4777,-0.42901,0,0,0,0,0.791139,56.2391,62038,1654.67,0.142327,74
-1.46537,-0.330889,0,0,0,0,0.791139,58.6148,66466.9,1700.94,0.139413,75
-1.45648,-0.234916,0,0,0,0,0.791139,60.3804,69837.3,1734.93,0.13736,76
-1.45073,-0.140393,0,0,0,0,0.791139,61.5501,72106.5,1757.27,0.136048,77
-1.44789,-0.0467063,0,0,0,0,0.791139,62.1328,73247.9,1768.34,0.135409,78
-1.44789,0.0467063,0,0,0,0,0.791139,62.1328,73247.9,1768.34,0.135409,79
-1.45073,0.140393,0,0,0,0,0.791139,61.5501,72106.5,1757.27,0.136048,80
-1.45648,0.234916,0,0,0,0,0.791139,60.3804,69837.3,1734.93,0.13736,81
-1.46537,0.330889,0,0,0,0,0.791139,58.6148,66466.9,1700.94,0.139413,82
-1.4777,0.42901,0,0,0,0,0.791139,56.2391,62038,1654.67,0.142327,83
-1.494,0.530128,0,0,0,0,0.791139,53.2313,56607.3,1595.13,0.146293,84
-1.51502,0.635329,0,0,0,0,0.791139,49.5597,50250.7,1520.91,0.151615,85
-1.54194,0.746099,0,0,0,0,0.791139,45.1766,43064.2,1429.86,0.1588,86
-1.57666,0.86462,0,0,0,0,0.791139,40.0085,35170.7,1318.62,0.168745,87
-1.62251,0.994442,0,0,0,0,0.791139,33.9334,26728.4,1181.51,0.183229,88
-1.68617,1.14224,0,0,0,0,0.791139,26.7228,17950,1007.56,0.206475,89
-1.785,1.32436,0,0,0,0,0.791139,17.8375,9151.35,769.558,0.25272,90
-2.02412,1.63235,0,0,0,0,0.791139,4.63393,967.927,313.317,0.49583,91
-1.82743,-1.7014,0,0,0,0,0.791139,7.5512,2184.17,433.873,0.388418,92
-1.64032,-1.41407,0,0,0,0,0.791139,20.4049,11450.4,841.734,0.236287,93
-1.55164,-1.23061,0,0,0,0,0.791139,29.6791,21380.2,1080.57,0.195922,94
-1.49304,-1.08116,0,0,0,0,0.791139,37.3474,31358.9,1259.48,0.174654,95
-1.45017,-0.950111,0,0,0,0,0.791139,43.9019,41058.1,1402.84,0.161089,96
-1.41727,-0.830815,0,0,0,0,0.791139,49.5597,50250.7,1520.91,0.151615,97
-1.3914,-0.719688,0,0,0,0,0.791139,54.4397,58765.2,1619.18,0.14466,98
-1.37083,-0.614508,0,0,0,0,0.791139,58.6148,66466.9,1700.94,0.139413,99
-1.35448,-0.513769,0,0,0,0,0.791139,62.1328,73247.9,1768.34,0.135409,100
-1.34165,-0.416375,0,0,0,0,0.791139,65.0265,79021.4,1822.83,0.132362,101
-1.33185,-0.321482,0,0,0,0,0.791139,67.3189,83718.5,1865.42,0.130089,102
-1.32475,-0.228406,0,0,0,0,0.791139,69.0258,87286.2,1896.82,0.12847,103
-1.32014,-0.136566,0,0,0,0,0.791139,70.1579,89685.4,1917.5,0.127429,104
-1.31785,-0.0454433,0,0,0,0,0.791139,70.7226,90891.7,1927.78,0.12692,105
-1.31785,0.0454433,0,0,0,0,0.791139,70.7226,90891.7,1927.78,0.12692,106
-1.32014,0.136566,0,0,0,0,0.791139,70.1579,89685.4,1917.5,0.127429,107
-1.32475,0.228406,0,0,0,0,0.791139,69.0258,87286.2,1896.82,0.12847,108
-1.33185,0.321482,0,0,0,0,0.791139,67.3189,83718.5,1865.42,0.130089,109
-1.34165,0.416375,0,0,0,0,0.791139,65.0265,79021.4,1822.83,0.132362,110
-1.35448,0.513769,0,0,0,0,0.791139,62.1328,73247.9,1768.34,0.135409,111
-1.37083,0.614508,0,0,0,0,0.791139,58.6148,66466.9,1700.94,0.139413,112
-1.3914,0.719688,0,0,0,0,0.791139,54.4397,58765.2,1619.18,0.14466,113
-1.41727,0.830815,0,0,0,0,0.791139,49.5597,50250.7,1520.91,0.151615,114
-1.45017,0.950111,0,0,0,0,0.791139,43.9019,41058.1,1402.84,0.161089,115
-1.49304,1.08116,0,0,0,0,0.791139,37.3474,31358.9,1259.48,0.174654,116
-1.55164,1.23061,0,0,0,0,0.791139,29.6791,21380.2,1080.57,0.195922,117
-1.64032,1.41407,0,0,0,0,0.791139,20.4049,11450.4,841.734,0.236287,118
-1.82743,1.7014,0,0,0,0,0.791139,7.5512,2184.17,433.873,0.388418,119
-1.7014,-1.82743,0,0,0,0,0.791139,7.5512,2184.17,433.873,0.388418,120
-1.51885,-1.51885,0,0,0,0,0.791139,21.2321,12234.4,864.331,0.231639,121
-1.43361,-1.32742,0,0,0,0,0.791139,31.1187,23136.4,1115.23,0.191336,122
-1.37731,-1.17326,0,0,0,0,0.791139,39.3487,34209.3,1304.08,0.170154,123
-1.33602,-1.03913,0,0,0,0,0.791139,46.4409,45091.5,1456.42,0.156624,124
-1.30417,-0.91775,0,0,0,0,0.791139,52.6244,55535.7,1582.98,0.147134,125
-1.27892,-0.805247,0,0,0,0,0.791139,58.0234,65353,1689.48,0.140122,126
-1.25863,-0.699238,0,0,0,0,0.791139,62.7143,74393.9,1779.35,0.13478,127
-1.24225,-0.59812,0,0,0,0,0.791139,66.7475,82537.7,1854.85,0.130644,128
-1.22909,-0.500741,0,0,0,0,0.791139,70.1579,89685.4,1917.5,0.127429,129
-1.21868,-0.406225,0,0,0,0,0.791139,72.9704,95757.3,1968.41,0.124949,130
-1.21068,-0.313879,0,0,0,0,0.791139,75.2022,100688,2008.35,0.123081,131
-1.20486,-0.223122,0,0,0,0,0.791139,76.8662,104429,2037.86,0.121742,132
-1.20106,-0.133451,0,0,0,0,0.791139,77.971,106942,2057.34,0.120876,133
-1.19918,-0.0444141,0,0,0,0,0.791139,78.5221,108205,2067.03,0.120451,134
-1.19918,0.0444141,0,0,0,0,0.791139,78.5221,108205,2067.03,0.120451,135
-1.20106,0.133451,0,0,0,0,0.791139,77.971,106942,2057.34,0.120876,136
-1.20486,0.223122,0,0,0,0,0.791139,76.8662,104429,2037.86,0.121742,137
-1.21068,0.313879,0,0,0,0,0.791139,75.2022,100688,2008.35,0.123081,138
-1.21868,0.406225,0,0,0,0,0.791139,72.9704,95757.3,1968.41,0.124949,139
-1.22909,0.500741,0,0,0,0,0.791139,70.1579,89685.4,1917.5,0.127429,140
-1.24225,0.59812,0,0,0,0,0.791139,66.7475,82537.7,1854.85,0.130644,141
-1.25863,0.699238,0,0,0,0,0.791139,62.7143,74393.9,1779.35,0.13478,142
-1.27892,0.805247,0,0,0,0,0.791139,58.0234,65353,1689.48,0.140122,143
-1.30417,0.91775,0,0,0,0,0.791139,52.6244,55535.7,1582.98,0.147134,144
-1.33602,1.03913,0,0,0,0,0.791139,46.4409,45091.5,1456.42,0.156624,145
-1.37731,1.17326,0,0,0,0,0.791139,39.3487,34209.3,1304.08,0.170154,146
-1.43361,1.32742,0,0,0,0,0.791139,31.1187,23136.4,1115.23,0.191336,147
-1.51885,1.51885,0,0,0,0,0.791139,21.2321,12234.4,864.331,0.231639,148
-1.7014,1.82743,0,0,0,0,0.791139,7.5512,2184.17,433.873,0.388418,149
-1.63235,-2.02412,0,0,0,0,0.791139,4.63393,967.927,313.317,0.49583,150
-1.41407,-1.64032,0,0,0,0,0.791139,20.4049,11450.4,841.734,0.236287,151
-1.32742,-1.43361,0,0,0,0,0.791139,31.1187,23136.4,1115.23,0.191336,152
-1.2715,-1.2715,0,0,0,0,0.791139,40.0085,35170.7,1318.62,0.168745,153
-1.23081,-1.13235,0,0,0,0,0.791139,47.6955,47139.9,1482.53,0.15455,154
-1.19948,-1.00756,0,0,0,0,0.791139,54.4397,58765.2,1619.18,0.14466,155
-1.17458,-0.892682,0,0,0,0,0.791139,60.3804,69837.3,1734.93,0.13736,156
-1.15445,-0.785027,0,0,0,0,0.791139,65.6015,80189.4,1833.56,0.13178,157
-1.13805,-0.682828,0,0,0,0,0.791139,70.1579,89685.4,1917.5,0.127429,158
-1.12467,-0.584828,0,0,0,0,0.791139,74.0881,98214.3,1988.46,0.124003,159
-1.11384,-0.49009,0,0,0,0,0.791139,77.4191,105683,2047.62,0.121306,160
-1.10522,-0.39788,0,0,0,0,0.791139,80.1704,112017,2095.85,0.119207,161
-1.09857,-0.307601,0,0,0,0,0.791139,82.3565,117154,2133.78,0.117614,162
-1.09372,-0.218745,0,0,0,0,0.791139,83.9878,121047,2161.87,0.116466,163
-1.09055,-0.130866,0,0,0,0,0.791139,85.0717,123662,2180.43,0.115722,164
-1.08898,-0.0435591,0,0,0,0,0.791139,85.6125,124975,2189.66,0.115356,165
-1.08898,0.0435591,0,0,0,0,0.791139,85.6125,124975,2189.66,0.115356,166
-1.09055,0.130866,0,0,0,0,0.791139,85.0717,123662,2180.43,0.115722,167
-1.09372,0.218745,0,0,0,0,0.791139,83.9878,121047,2161.87,0.116466,168
-1.09857,0.307601,0,0,0,0,0.791139,82.3565,117154,2133.78,0.117614,169
-1.10522,0.39788,0,0,0,0,0.791139,80.1704,112017,2095.85,0.119207,170
-1.11384,0.49009,0,0,0,0,0.791139,77.4191,105683,2047.62,0.121306,171
-1.12467,0.584828,0,0,0,0,0.791139,74.0881,98214.3,1988.46,0.124003,172
-1.13805,0.682828,0,0,0,0,0.791139,70.1579,89685.4,1917.5,0.127429,173
-1.15445,0.785027,0,0,0,0,0.791139,65.6015,80189.4,1833.56,0.13178,174
-1.17458,0.892682,0,0,0,0,0.791139,60.3804,69837.3,1734.93,0.13736,175
-1.19948,1.00756,0,0,0,0,0.791139,54.4397,58765.2,1619.18,0.14466,176
-1.23081,1.13235,0,0,0,0,0.791139,47.6955,47139.9,1482.53,0.15455,177
-1.2715,1.2715,0,0,0,0,0.791139,40.0085,35170.7,1318.62,0.168745,178
-1.32742,1.43361,0,0,0,0,0.791139,31.1187,23136.4,1115.23,0.191336,179
-1.41407,1.64032,0,0,0,0,0.791139,20.4049,11450.4,841.734,0.236287,180
-1.63235,2.02412,0,0,0,0,0.791139,4.63393,967.927,313.317,0.49583,181
-1.32436,-1.785,0,0,0,0,0.791139,17.8375,9151.35,769.558,0.25272,182
-1.23061,-1.55164,0,0,0,0,0.791139,29.6791,21380.2,1080.57,0.195922,183
-1.17326,-1.37731,0,0,0,0,0.791139,39.3487,34209.3,1304.08,0.170154,184
-1.13235,-1.23081,0,0,0,0,0.791139,47.6955,47139.9,1482.53,0.15455,185
-1.1011,-1.1011,0,0,0,0,0.791139,55.0413,59851.5,1631.09,0.143868,186
-1.07634,-0.982749,0,0,0,0,0.791139,61.5501,72106.5,1757.27,0.136048,187
-1.0563,-0.872594,0,0,0,0,0.791139,67.3189,83718.5,1865.42,0.130089,188
-1.03987,-0.768603,0,0,0,0,0.791139,72.41,94534.6,1958.32,0.125432,189
-1.02636,-0.669365,0,0,0,0,0.791139,76.8662,104429,2037.86,0.121742,190
-1.01526,-0.573842,0,0,0,0,0.791139,80.7181,113295,2105.39,0.118802,191
-1.00622,-0.481238,0,0,0,0,0.791139,83.9878,121047,2161.87,0.116466,192
-0.999004,-0.390915,0,0,0,0,0.791139,86.6919,127612,2208.02,0.114635,193
-0.993415,-0.302344,0,0,0,0,0.791139,88.8425,132931,2244.39,0.113239,194
-0.989325,-0.215071,0,0,0,0,0.791139,90.4483,136960,2271.36,0.11223,195
-0.986648,-0.128693,0,0,0,0,0.791139,91.5156,139664,2289.19,0.111573,196
-0.985323,-0.0428401,0,0,0,0,0.791139,92.0482,141022,2298.06,0.11125,197
-0.985323,0.0428401,0,0,0,0,0.791139,92.0482,141022,2298.06,0.11125,198
-0.986648,0.128693,0,0,0,0,0.791139,91.5156,139664,2289.19,0.111573,199
-0.989325,0.215071,0,0,0,0,0.791139,90.4483,136960,2271.36,0.11223,200
-0.993415,0.302344,0,0,0,0,0.791139,88.8425,132931,2244.39,0.113239,201
-0.999004,0.390915,0,0,0,0,0.791139,86.6919,127612,2208.02,0.114635,202
-1.00622,0.481238,0,0,0,0,0.791139,83.9878,121047,2161.87,0.116466,203
-1.01526,0.573842,0,0,0,0,0.791139,80.7181,113295,2105.39,0.118802,204
-1.02636,0.669365,0,0,0,0,0.791139,76.8662,104429,2037.86,0.121742,205
-1.03987,0.768603,0,0,0,0,0.791139,72.41,94534.6,1958.32,0.125432,206
-1.0563,0.872594,0,0,0,0,0.791139,67.3189,83718.5,1865.42,0.130089,207
-1.07634,0.982749,0,0,0,0,0.791139,61.5501,72106.5,1757.27,0.136048,208
-1.1011,1.1011,0,0,0,0,0.791139,55.0413,59851.5,1631.09,0.143868,209
-1.13235,1.23081,0,0,0,0,0.791139,47.6955,47139.9,1482.53,0.15455,210
-1.17326,1.37731,0,0,0,0,0.791139,39.3487,34209.3,1304.08,0.170154,211
-1.23061,1.55164,0,0,0,0,0.791139,29.6791,21380.2,1080.57,0.195922,212
-1.32436,1.785,0,0,0,0,0.791139,17.8375,9151.35,769.558,0.25272,213
-1.25401,-1.97059,0,0,0,0,0.791139,13.1654,5516.32,628.503,0.294165,214
-1.14224,-1.68617,0,0,0,0,0.791139,26.7228,17950,1007.56,0.206475,215
-1.08116,-1.49304,0,0,0,0,0.791139,37.3474,31358.9,1259.48,0.174654,216
-1.03913,-1.33602,0,0,0,0,0.791139,46.4409,45091.5,1456.42,0.156624,217
-1.00756,-1.19948,0,0,0,0,0.791139,54.4397,58765.2,1619.18,0.14466,218
-0.982749,-1.07634,0,0,0,0,0.791139,61.5501,72106.5,1757.27,0.136048,219
-0.962715,-0.962715,0,0,0,0,0.791139,67.889,84903.5,1875.93,0.129541,220
-0.946284,-0.856162,0,0,0,0,0.791139,73.5298,96983.7,1978.46,0.124473,221
-0.932696,-0.75504,0,0,0,0,0.791139,78.5221,108205,2067.03,0.120451,222
-0.921434,-0.658167,0,0,0,0,0.791139,82.901,118448,2143.18,0.117227,223
-0.912134,-0.564655,0,0,0,0,0.791139,86.6919,127612,2208.02,0.114635,224
-0.904533,-0.473803,0,0,0,0,0.791139,89.9137,135614,2262.4,0.112563,225
-0.89844,-0.385046,0,0,0,0,0.791139,92.5803,142383,2306.91,0.11093,226
-0.893713,-0.297904,0,0,0,0,0.791139,94.7024,147864,2342.03,0.10968,227
-0.890246,-0.211963,0,0,0,0,0.791139,96.2879,152013,2368.1,0.108773,228
-0.887974,-0.126853,0,0,0,0,0.791139,97.3419,154796,2385.35,0.108183,229
-0.886848,-0.0422309,0,0,0,0,0.791139,97.8681,156193,2393.93,0.107891,230
-0.886848,0.0422309,0,0,0,0,0.791139,97.8681,156193,2393.93,0.107891,231
-0.887974,0.126853,0,0,0,0,0.791139,97.3419,154796,2385.35,0.108183,232
-0.890246,0.211963,0,0,0,0,0.791139,96.2879,152013,2368.1,0.108773,233
-0.893713,0.297904,0,0,0,0,0.791139,94.7024,147864,2342.03,0.10968,234
-0.89844,0.385046,0,0,0,0,0.791139,92.5803,142383,2306.91,0.11093,235
-0.904533,0.473803,0,0,0,0,0.791139,89.9137,135614,2262.4,0.112563,236
-0.912134,0.564655,0,0,0,0,0.791139,86.6919,127612,2208.02,0.114635,237
-0.921434,0.658167,0,0,0,0,0.791139,82.901,118448,2143.18,0.117227,238
-0.932696,0.75504,0,0,0,0,0.791139,78.5221,108205,2067.03,0.120451,239
-0.946284,0.856162,0,0,0,0,0.791139,73.5298,96983.7,1978.46,0.124473,240
-0.962715,0.962715,0,0,0,0,0.791139,67.889,84903.5,1875.93,0.129541,241
-0.982749,1.07634,0,0,0,0,0.791139,61.5501,72106.5,1757.27,0.136048,242
-1.00756,1.19948,0,0,0,0,0.791139,54.4397,58765.2,1619.18,0.14466,243
-1.03913,1.33602,0,0,0,0,0.791139,46.4409,45091.5,1456.42,0.156624,244
-1.08116,1.49304,0,0,0,0,0.791139,37.3474,31358.9,1259.48,0.174654,245
-1.14224,1.68617,0,0,0,0,0.791139,26.7228,17950,1007.56,0.206475,246
-1.25401,1.97059,0,0,0,0,0.791139,13.1654,5516.32,628.503,0.294165,247
-1.24059,-2.28529,0,0,0,0,0.791139,4.63393,967.927,313.317,0.49583,248
-1.06318,-1.84658,0,0,0,0,0.791139,22.0472,13027.1,886.313,0.227317,249
-0.994442,-1.62251,0,0,0,0,0.791139,33.9334,26728.4,1181.51,0.183229,250
-0.950111,-1.45017,0,0,0,0,0.791139,43.9019,41058.1,1402.84,0.161089,251
-0.91775,-1.30417,0,0,0,0,0.791139,52.6244,55535.7,1582.98,0.147134,252
-0.892682,-1.17458,0,0,0,0,0.791139,60.3804,69837.3,1734.93,0.13736,253
-0.872594,-1.0563,0,0,0,0,0.791139,67.3189,83718.5,1865.42,0.130089,254
-0.856162,-0.946284,0,0,0,0,0.791139,73.5298,96983.7,1978.46,0.124473,255
-0.842558,-0.842558,0,0,0,0,0.791139,79.0724,109472,2076.67,0.120032,256
-0.831229,-0.743732,0,0,0,0,0.791139,83.9878,121047,2161.87,0.116466,257
-0.821789,-0.648781,0,0,0,0,0.791139,88.3059,131596,2235.35,0.113583,258
-0.813963,-0.556922,0,0,0,0,0.791139,92.0482,141022,2298.06,0.11125,259
-0.807545,-0.467526,0,0,0,0,0.791139,95.2315,149243,2350.74,0.109375,260
-0.802386,-0.380078,0,0,0,0,0.791139,97.8681,156193,2393.93,0.107891,261
-0.798378,-0.294139,0,0,0,0,0.791139,99.9673,161817,2428.05,0.106753,262
-0.795434,-0.209325,0,0,0,0,0.791139,101.536,166072,2453.38,0.105925,263
-0.793502,-0.12529,0,0,0,0,0.791139,102.58,168925,2470.16,0.105385,264
-0.792546,-0.041713,0,0,0,0,0.791139,103.1,170357,2478.52,0.105118,265
-0.792546,0.041713,0,0,0,0,0.791139,103.1,170357,2478.52,0.105118,266
-0.793502,0.12529,0,0,0,0,0.791139,102.58,168925,2470.16,0.105385,267
-0.795434,0.209325,0,0,0,0,0.791139,101.536,166072,2453.38,0.105925,268
-0.798378,0.294139,0,0,0,0,0.791139,99.9673,161817,2428.05,0.106753,269
-0.802386,0.380078,0,0,0,0,0.791139,97.8681,156193,2393.93,0.107891,270
-0.807545,0.467526,0,0,0,0,0.791139,95.2315,149243,2350.74,0.109375,271
-0.813963,0.556922,0,0,0,0,0.791139,92.0482,141022,2298.06,0.11125,272
-0.821789,0.648781,0,0,0,0,0.791139,88.3059,131596,2235.35,0.113583,273
-0.831229,0.743732,0,0,0,0,0.791139,83.9878,121047,2161.87,0.116466,274
-0.842558,0.842558,0,0,0,0,0.791139,79.0724,109472,2076.67,0.120032,275
-0.856162,0.946284,0,0,0,0,0.791139,73.5298,96983.7,1978.46,0.124473,276
-0.872594,1.0563,0,0,0,0,0.791139,67.3189,83718.5,1865.42,0.130089,277
-0.892682,1.17458,0,0,0,0,0.791139,60.3804,69837.3,1734.93,0.13736,278
-0.91775,1.30417,0,0,0,0,0.791139,52.6244,55535.7,1582.98,0.147134,279
-0.950111,1.45017,0,0,0,0,0.791139,43.9019,41058.1,1402.84,0.161089,280
-0.994442,1.62251,0,0,0,0,0.791139,33.9334,26728.4,1181.51,0.183229,281
-1.06318,1.84658,0,0,0,0,0.791139,22.0472,13027.1,886.313,0.227317,282
-1.24059,2.28529,0,0,0,0,0.791139,4.63393,967.927,313.317,0.49583,283
-0.999203,-2.05718,0,0,0,0,0.791139,15.1079,6938.5,688.896,0.274604,284
-0.913193,-1.77267,0,0,0,0,0.791139,28.9501,20512.1,1062.8,0.198373,285
-0.86462,-1.57666,0,0,0,0,0.791139,40.0085,35170.7,1318.62,0.168745,286
-0.830815,-1.41727,0,0,0,0,0.791139,49.5597,50250.7,1520.91,0.151615,287
-0.805247,-1.27892,0,0,0,0,0.791139,58.0234,65353,1689.48,0.140122,288
-0.785027,-1.15445,0,0,0,0,0.791139,65.6015,80189.4,1833.56,0.13178,289
-0.768603,-1.03987,0,0,0,0,0.791139,72.41,94534.6,1958.32,0.125432,290
-0.75504,-0.932696,0,0,0,0,0.791139,78.5221,108205,2067.03,0.120451,291
-0.743732,-0.831229,0,0,0,0,0.791139,83.9878,121047,2161.87,0.116466,292
-0.734263,-0.734263,0,0,0,0,0.791139,88.8425,132931,2244.39,0.113239,293
-0.726343,-0.640891,0,0,0,0,0.791139,93.1117,143748,2315.73,0.110613,294
-0.719753,-0.550399,0,0,0,0,0.791139,96.8152,153403,2376.73,0.108477,295
-0.714338,-0.462219,0,0,0,0,0.791139,99.9673,161817,2428.05,0.106753,296
-0.709975,-0.375869,0,0,0,0,0.791139,102.58,168925,2470.16,0.105385,297
-0.706579,-0.290944,0,0,0,0,0.791139,104.66,174675,2503.45,0.104332,298
-0.704084,-0.207083,0,0,0,0,0.791139,106.216,179023,2528.19,0.103565,299
-0.702446,-0.123961,0,0,0,0,0.791139,107.25,181938,2544.58,0.103064,300
-0.701632,-0.0412725,0,0,0,0,0.791139,107.767,183401,2552.75,0.102817,301
-0.701632,0.0412725,0,0,0,0,0.791139,107.767,183401,2552.75,0.102817,302
-0.702446,0.123961,0,0,0,0,0.791139,107.25,181938,2544.58,0.103064,303
-0.704084,0.207083,0,0,0,0,0.791139,106.216,179023,2528.19,0.103565,304
-0.706579,0.290944,0,0,0,0,0.791139,104.66,174675,2503.45,0.104332,305
-0.709975,0.375869,0,0,0,0,0.791139,102.58,168925,2470.16,0.105385,306
-0.714338,0.462219,0,0,0,0,0.791139,99.9673,161817,2428.05,0.106753,307
-0.719753,0.550399,0,0,0,0,0.791139,96.8152,153403,2376.73,0.108477,308
-0.726343,0.640891,0,0,0,0,0.791139,93.1117,143748,2315.73,0.110613,309
-0.734263,0.734263,0,0,0,0,0.791139,88.8425,132931,2244.39,0.113239,310
-0.743732,0.831229,0,0,0,0,0.791139,83.9878,121047,2161.87,0.116466,311
-0.75504,0.932696,0,0,0,0,0.791139,78.5221,108205,2067.03,0.120451,312
-0.768603,1.03987,0,0,0,0,0.791139,72.41,94534.6,1958.32,0.125432,313
-0.785027,1.15445,0,0,0,0,0.791139,65.6015,80189.4,1833.56,0.13178,314
-0.805247,1.27892,0,0,0,0,0.791139,58.0234,65353,1689.48,0.140122,315
-0.830815,1.41727,0,0,0,0,0.791139,49.5597,50250.7,1520.91,0.151615,316
-0.86462,1.57666,0,0,0,0,0.791139,40.0085,35170.7,1318.62,0.168745,317
-0.913193,1.77267,0,0,0,0,0.791139,28.9501,20512.1,1062.8,0.198373,318
-0.999203,2.05718,0,0,0,0,0.791139,15.1079,6938.5,688.896,0.274604,319
-1.00805,-2.48652,0,0,0,0,0.791139,2.71859,397.955,219.574,0.647345,320
-0.839355,-1.9585,0,0,0,0,0.791139,22.0472,13027.1,886.313,0.227317,321
-0.782407,-1.7213,0,0,0,0,0.791139,34.6249,27642.4,1197.51,0.18139,322
-0.746099,-1.54194,0,0,0,0,0.791139,45.1766,43064.2,1429.86,0.1588,323
-0.719688,-1.3914,0,0,0,0,0.791139,54.4397,58765.2,1619.18,0.14466,324
-0.699238,-1.25863,0,0,0,0,0.791139,62.7143,74393.9,1779.35,0.13478,325
-0.682828,-1.13805,0,0,0,0,0.791139,70.1579,89685.4,1917.5,0.127429,326
-0.669365,-1.02636,0,0,0,0,0.791139,76.8662,104429,2037.86,0.121742,327
-0.658167,-0.921434,0,0,0,0,0.791139,82.901,118448,2143.18,0.117227,328
-0.648781,-0.821789,0,0,0,0,0.791139,88.3059,131596,2235.35,0.113583,329
-0.640891,-0.726343,0,0,0,0,0.791139,93.1117,143748,2315.73,0.110613,330
-0.634267,-0.634267,0,0,0,0,0.791139,97.3419,154796,2385.35,0.108183,331
-0.628745,-0.544912,0,0,0,0,0.791139,101.014,164650,2444.96,0.106198,332
-0.624195,-0.457743,0,0,0,0,0.791139,104.141,173232,2495.16,0.104592,333
-0.620527,-0.372316,0,0,0,0,0.791139,106.733,180478,2536.4,0.103314,334
-0.617665,-0.288244,0,0,0,0,0.791139,108.799,186337,2569.02,0.102328,335
-0.615562,-0.205187,0,0,0,0,0.791139,110.343,190766,2593.27,0.10161,336
-0.614178,-0.122836,0,0,0,0,0.791139,111.37,193736,2609.34,0.10114,337
-0.613493,-0.0408995,0,0,0,0,0.791139,111.883,195226,2617.35,0.100908,338
-0.613493,0.0408995,0,0,0,0,0.791139,111.883,195226,2617.35,0.100908,339
-0.614178,0.122836,0,0,0,0,0.791139,111.37,193736,2609.34,0.10114,340
-0.615562,0.205187,0,0,0,0,0.791139,110.343,190766,2593.27,0.10161,341
-0.617665,0.288244,0,0,0,0,0.791139,108.799,186337,2569.02,0.102328,342
-0.620527,0.372316,0,0,0,0,0.791139,106.733,180478,2536.4,0.103314,343
-0.624195,0.457743,0,0,0,0,0.791139,104.141,173232,2495.16,0.104592,344
-0.628745,0.544912,0,0,0,0,0.791139,101.014,164650,2444.96,0.106198,345
-0.634267,0.634267,0,0,0,0,0.791139,97.3419,154796,2385.35,0.108183,346
-0.640891,0.726343,0,0,0,0,0.791139,93.1117,143748,2315.73,0.110613,347
-0.648781,0.821789,0,0,0,0,0.791139,88.3059,131596,2235.35,0.113583,348
-0.658167,0.921434,0,0,0,0,0.791139,82.901,118448,2143.18,0.117227,349
-0.669365,1.02636,0,0,0,0,0.791139,76.8662,104429,2037.86,0.121742,350
-0.682828,1.13805,0,0,0,0,0.791139,70.1579,89685.4,1917.5,0.127429,351
-0.699238,1.25863,0,0,0,0,0.791139,62.7143,74393.9,1779.35,0.13478,352
-0.719688,1.3914,0,0,0,0,0.791139,54.4397,58765.2,1619.18,0.14466,353
-0.746099,1.54194,0,0,0,0,0.791139,45.1766,43064.2,1429.86,0.1588,354
-0.782407,1.7213,0,0,0,0,0.791139,34.6249,27642.4,1197.51,0.18139,355
-0.839355,1.9585,0,0,0,0,0.791139,22.0472,13027.1,886.313,0.227317,356
-1.00805,2.48652,0,0,0,0,0.791139,2.71859,397.955,219.574,0.647345,357
-0.783148,-2.22896,0,0,0,0,0.791139,12.1456,4822.7,595.612,0.306266,358
-0.704088,-1.89562,0,0,0,0,0.791139,27.4725,18797.1,1026.32,0.203638,359
-0.663149,-1.68338,0,0,0,0,0.791139,39.3487,34209.3,1304.08,0.170154,360
-0.635329,-1.51502,0,0,0,0,0.791139,49.5597,50250.7,1520.91,0.151615,361
-0.614508,-1.37083,0,0,0,0,0.791139,58.6148,66466.9,1700.94,0.139413,362
-0.59812,-1.24225,0,0,0,0,0.791139,66.7475,82537.7,1854.85,0.130644,363
-0.584828,-1.12467,0,0,0,0,0.791139,74.0881,98214.3,1988.46,0.124003,364
-0.573842,-1.01526,0,0,0,0,0.791139,80.7181,113295,2105.39,0.118802,365
-0.564655,-0.912134,0,0,0,0,0.791139,86.6919,127612,2208.02,0.114635,366
-0.556922,-0.813963,0,0,0,0,0.791139,92.0482,141022,2298.06,0.11125,367
-0.550399,-0.719753,0,0,0,0,0.791139,96.8152,153403,2376.73,0.108477,368
-0.544912,-0.628745,0,0,0,0,0.791139,101.014,164650,2444.96,0.106198,369
-0.540325,-0.540325,0,0,0,0,0.791139,104.66,174675,2503.45,0.104332,370
-0.536542,-0.453997,0,0,0,0,0.791139,107.767,183401,2552.75,0.102817,371
-0.533487,-0.369337,0,0,0,0,0.791139,110.343,190766,2593.27,0.10161,372
-0.531103,-0.285978,0,0,0,0,0.791139,112.396,196719,2625.34,0.100677,373
-0.52935,-0.203596,0,0,0,0,0.791139,113.931,201217,2649.19,0.0999968,374
-0.528197,-0.121892,0,0,0,0,0.791139,114.953,204233,2665.01,0.0995515,375
-0.527625,-0.0405865,0,0,0,0,0.791139,115.463,205746,2672.88,0.0993313,376
-0.527625,0.0405865,0,0,0,0,0.791139,115.463,205746,2672.88,0.0993313,377
-0.528197,0.121892,0,0,0,0,0.791139,114.953,204233,2665.01,0.0995515,378
-0.52935,0.203596,0,0,0,0,0.791139,113.931,201217,2649.19,0.0999968,379
-0.531103,0.285978,0,0,0,0,0.791139,112.396,196719,2625.34,0.100677,380
-0.533487,0.369337,0,0,0,0,0.791139,110.343,190766,2593.27,0.10161,381
-0.536542,0.453997,0,0,0,0,0.791139,107.767,183401,2552.75,0.102817,382
-0.540325,0.540325,0,0,0,0,0.791139,104.66,174675,2503.45,0.104332,383
-0.544912,0.628745,0,0,0,0,0.791139,101.014,164650,2444.96,0.106198,384
-0.550399,0.719753,0,0,0,0,0.791139,96.8152,153403,2376.73,0.108477,385
-0.556922,0.813963,0,0,0,0,0.791139,92.0482,141022,2298.06,0.11125,386
-0.564655,0.912134,0,0,0,0,0.791139,86.6919,127612,2208.02,0.114635,387
-0.573842,1.01526,0,0,0,0,0.791139,80.7181,113295,2105.39,0.118802,388
-0.584828,1.12467,0,0,0,0,0.791139,74.0881,98214.3,1988.46,0.124003,389
-0.59812,1.24225,0,0,0,0,0.791139,66.7475,82537.7,1854.85,0.130644,390
-0.614508,1.37083,0,0,0,0,0.791139,58.6148,66466.9,1700.94,0.139413,391
-0.635329,1.51502,0,0,0,0,0.791139,49.5597,50250.7,1520.91,0.151615,392
-0.663149,1.68338,0,0,0,0,0.791139,39.3487,34209.3,1304.08,0.170154,393
-0.704088,1.89562,0,0,0,0,0.791139,27.4725,18797.1,1026.32,0.203638,394
-0.783148,2.22896,0,0,0,0,0.791139,12.1456,4822.7,595.612,0.306266,395
-0.633388,-2.13049,0,0,0,0,0.791139,17.8375,9151.35,769.558,0.25272,396
-0.581903,-1.85151,0,0,0,0,0.791139,31.8302,24024.8,1132.17,0.189186,397
-0.551564,-1.65469,0,0,0,0,0.791139,43.2604,40063.1,1389.14,0.162279,398
-0.530128,-1.494,0,0,0,0,0.791139,53.2313,56607.3,1595.13,0.146293,399
-0.513769,-1.35448,0,0,0,0,0.791139,62.1328,73247.9,1768.34,0.135409,400
-0.500741,-1.22909,0,0,0,0,0.791139,70.1579,89685.4,1917.5,0.127429,401
-0.49009,-1.11384,0,0,0,0,0.791139,77.4191,105683,2047.62,0.121306,402
-0.481238,-1.00622,0,0,0,0,0.791139,83.9878,121047,2161.87,0.116466,403
-0.473803,-0.904533,0,0,0,0,0.791139,89.9137,135614,2262.4,0.112563,404
-0.467526,-0.807545,0,0,0,0,0.791139,95.2315,149243,2350.74,0.109375,405
-0.462219,-0.714338,0,0,0,0,0.791139,99.9673,161817,2428.05,0.106753,406
-0.457743,-0.624195,0,0,0,0,0.791139,104.141,173232,2495.16,0.104592,407
-0.453997,-0.536542,0,0,0,0,0.791139,107.767,183401,2552.75,0.102817,408
-0.450903,-0.450903,0,0,0,0,0.791139,110.857,192249,2601.32,0.101374,409
-0.448403,-0.366875,0,0,0,0,0.791139,113.42,199715,2641.26,0.100222,410
-0.446452,-0.284106,0,0,0,0,0.791139,115.463,205746,2672.88,0.0993313,411
-0.44501,-0.202277,0,0,0,0,0.791139,116.991,210305,2696.42,0.0986804,412
-0.444064,-0.121108,0,0,0,0,0.791139,118.008,213360,2712.02,0.0982543,413
-0.443598,-0.0403271,0,0,0,0,0.791139,118.516,214892,2719.79,0.0980437,414
-0.443598,0.0403271,0,0,0,0,0.791139,118.516,214892,2719.79,0.0980437,415
-0.444064,0.121108,0,0,0,0,0.791139,118.008,213360,2712.02,0.0982543,416
-0.44501,0.202277,0,0,0,0,0.791139,116.991,210305,2696.42,0.0986804,417
-0.446452,0.284106,0,0,0,0,0.791139,115.463,205746,2672.88,0.0993313,418
-0.448403,0.366875,0,0,0,0,0.791139,113.42,199715,2641.26,0.100222,419
-0.450903,0.450903,0,0,0,0,0.791139,110.857,192249,2601.32,0.101374,420
-0.453997,0.536542,0,0,0,0,0.791139,107.767,183401,2552.75,0.102817,421
-0.457743,0.624195,0,0,0,0,0.791139,104.141,173232,2495.16,0.104592,422
-0.462219,0.714338,0,0,0,0,0.791139,99.9673,161817,2428.05,0.106753,423
-0.467526,0.807545,0,0,0,0,0.791139,95.2315,149243,2350.74,0.109375,424
-0.473803,0.904533,0,0,0,0,0.791139,89.9137,135614,2262.4,0.112563,425
-0.481238,1.00622,0,0,0,0,0.791139,83.9878,121047,2161.87,0.116466,426
-0.49009,1.11384,0,0,0,0,0.791139,77.4191,105683,2047.62,0.121306,427
-0.500741,1.22909,0,0,0,0,0.791139,70.1579,89685.4,1917.5,0.127429,428
-0.513769,1.35448,0,0,0,0,0.791139,62.1328,73247.9,1768.34,0.135409,429
-0.530128,1.494,0,0,0,0,0.791139,53.2313,56607.3,1595.13,0.146293,430
-0.551564,1.65469,0,0,0,0,0.791139,43.2604,40063.1,1389.14,0.162279,431
-0.581903,1.85151,0,0,0,0,0.791139,31.8302,24024.8,1132.17,0.189186,432
-0.633388,2.13049,0,0,0,0,0.791139,17.8375,9151.35,769.558,0.25272,433
-0.503613,-2.07041,0,0,0,0,0.791139,22.0472,13027.1,886.313,0.227317,434
-0.467873,-1.81951,0,0,0,0,0.791139,35.3118,28562.3,1213.29,0.179617,435
-0.445341,-1.63292,0,0,0,0,0.791139,46.4409,45091.5,1456.42,0.156624,436
-0.42901,-1.4777,0,0,0,0,0.791139,56.2391,62038,1654.67,0.142327,437
-0.416375,-1.34165,0,0,0,0,0.791139,65.0265,79021.4,1822.83,0.132362,438
-0.406225,-1.21868,0,0,0,0,0.791139,72.9704,95757.3,1968.41,0.124949,439
-0.39788,-1.10522,0,0,0,0,0.791139,80.1704,112017,2095.85,0.119207,440
-0.390915,-0.999004,0,0,0,0,0.791139,86.6919,127612,2208.02,0.114635,441
-0.385046,-0.89844,0,0,0,0,0.791139,92.5803,142383,2306.91,0.11093,442
-0.380078,-0.802386,0,0,0,0,0.791139,97.8681,156193,2393.93,0.107891,443
-0.375869,-0.709975,0,0,0,0,0.791139,102.58,168925,2470.16,0.105385,444
-0.372316,-0.620527,0,0,0,0,0.791139,106.733,180478,2536.4,0.103314,445
-0.369337,-0.533487,0,0,0,0,0.791139,110.343,190766,2593.27,0.10161,446
-0.366875,-0.448403,0,0,0,0,0.791139,113.42,199715,2641.26,0.100222,447
-0.364884,-0.364884,0,0,0,0,0.791139,115.973,207262,2680.75,0.0991128,448
-0.363325,-0.282586,0,0,0,0,0.791139,118.008,213360,2712.02,0.0982543,449
-0.362181,-0.201212,0,0,0,0,0.791139,119.53,217967,2735.29,0.0976267,450
-0.361423,-0.120474,0,0,0,0,0.791139,120.544,221055,2750.73,0.0972156,451
-0.361052,-0.0401169,0,0,0,0,0.791139,121.049,222603,2758.42,0.0970122,452
-0.361052,0.0401169,0,0,0,0,0.791139,121.049,222603,2758.42,0.0970122,453
-0.361423,0.120474,0,0,0,0,0.791139,120.544,221055,2750.73,0.0972156,454
-0.362181,0.201212,0,0,0,0,0.791139,119.53,217967,2735.29,0.0976267,455
-0.363325,0.282586,0,0,0,0,0.791139,118.008,213360,2712.02,0.0982543,456
-0.364884,0.364884,0,0,0,0,0.791139,115.973,207262,2680.75,0.0991128,457
-0.366875,0.448403,0,0,0,0,0.791139,113.42,199715,2641.26,0.100222,458
-0.369337,0.533487,0,0,0,0,0.791139,110.343,190766,2593.27,0.10161,459
-0.372316,0.620527,0,0,0,0,0.791139,106.733,180478,2536.4,0.103314,460
-0.375869,0.709975,0,0,0,0,0.791139,102.58,168925,2470.16,0.105385,461
-0.380078,0.802386,0,0,0,0,0.791139,97.8681,156193,2393.93,0.107891,462
-0.385046,0.89844,0,0,0,0,0.791139,92.5803,142383,2306.91,0.11093,463
-0.390915,0.999004,0,0,0,0,0.791139,86.6919,127612,2208.02,0.114635,464
-0.39788,1.10522,0,0,0,0,0.791139,80.1704,112017,2095.85,0.119207,465
-0.406225,1.21868,0,0,0,0,0.791139,72.9704,95757.3,1968.41,0.124949,466
-0.416375,1.34165,0,0,0,0,0.791139,65.0265,79021.4,1822.83,0.132362,467
-0.42901,1.4777,0,0,0,0,0.791139,56.2391,62038,1654.67,0.142327,468
-0.445341,1.63292,0,0,0,0,0.791139,46.4409,45091.5,1456.42,0.156624,469
-0.467873,1.81951,0,0,0,0,0.791139,35.3118,28562.3,1213.29,0.179617,470
-0.503613,2.07041,0,0,0,0,0.791139,22.0472,13027.1,886.313,0.227317,471
-0.441104,-2.45758,0,0,0,0,0.791139,7.5512,2184.17,433.873,0.388418,472
-0.384148,-2.0305,0,0,0,0,0.791139,25.2005,16278.3,968.927,0.21262,473
-0.359264,-1.79632,0,0,0,0,0.791139,38.0181,32303,1274.51,0.173106,474
-0.34293,-1.61667,0,0,0,0,0.791139,48.9406,49208.8,1508.22,0.152571,475
-0.330889,-1.46537,0,0,0,0,0.791139,58.6148,66466.9,1700.94,0.139413,476
-0.321482,-1.33185,0,0,0,0,0.791139,67.3189,83718.5,1865.42,0.130089,477
-0.313879,-1.21068,0,0,0,0,0.791139,75.2022,100688,2008.35,0.123081,478
-0.307601,-1.09857,0,0,0,0,0.791139,82.3565,117154,2133.78,0.117614,479
-0.302344,-0.993415,0,0,0,0,0.791139,88.8425,132931,2244.39,0.113239,480
-0.297904,-0.893713,0,0,0,0,0.791139,94.7024,147864,2342.03,0.10968,481
-0.294139,-0.798378,0,0,0,0,0.791139,99.9673,161817,2428.05,0.106753,482
-0.290944,-0.706579,0,0,0,0,0.791139,104.66,174675,2503.45,0.104332,483
-0.288244,-0.617665,0,0,0,0,0.791139,108.799,186337,2569.02,0.102328,484
-0.285978,-0.531103,0,0,0,0,0.791139,112.396,196719,2625.34,0.100677,485
-0.284106,-0.446452,0,0,0,0,0.791139,115.463,205746,2672.88,0.0993313,486
-0.282586,-0.363325,0,0,0,0,0.791139,118.008,213360,2712.02,0.0982543,487
-0.281403,-0.281403,0,0,0,0,0.791139,120.037,219509,2743.02,0.0974204,488
-0.280529,-0.200378,0,0,0,0,0.791139,121.555,224155,2766.09,0.0968102,489
-0.27995,-0.119978,0,0,0,0,0.791139,122.565,227268,2781.4,0.0964104,490
-0.279667,-0.0399524,0,0,0,0,0.791139,123.07,228830,2789.02,0.0962126,491
-0.279667,0.0399524,0,0,0,0,0.791139,123.07,228830,2789.02,0.0962126,492
-0.27995,0.119978,0,0,0,0,0.791139,122.565,227268,2781.4,0.0964104,493
-0.280529,0.200378,0,0,0,0,0.791139,121.555,224155,2766.09,0.0968102,494
-0.281403,0.281403,0,0,0,0,0.791139,120.037,219509,2743.02,0.0974204,495
-0.282586,0.363325,0,0,0,0,0.791139,118.008,213360,2712.02,0.0982543,496
-0.284106,0.446452,0,0,0,0,0.791139,115.463,205746,2672.88,0.0993313,497
-0.285978,0.531103,0,0,0,0,0.791139,112.396,196719,2625.34,0.100677,498
-0.288244,0.617665,0,0,0,0,0.791139,108.799,186337,2569.02,0.102328,499
-0.290944,0.706579,0,0,0,0,0.791139,104.66,174675,2503.45,0.104332,500
-0.294139,0.798378,0,0,0,0,0.791139,99.9673,161817,2428.05,0.106753,501
-0.297904,0.893713,0,0,0,0,0.791139,94.7024,147864,2342.03,0.10968,502
-0.302344,0.993415,0,0,0,0,0.791139,88.8425,132931,2244.39,0.113239,503
-0.307601,1.09857,0,0,0,0,0.791139,82.3565,117154,2133.78,0.117614,504
-0.313879,1.21068,0,0,0,0,0.791139,75.2022,100688,2008.35,0.123081,505
-0.321482,1.33185,0,0,0,0,0.791139,67.3189,83718.5,1865.42,0.130089,506
-0.330889,1.46537,0,0,0,0,0.791139,58.6148,66466.9,1700.94,0.139413,507
-0.34293,1.61667,0,0,0,0,0.791139,48.9406,49208.8,1508.22,0.152571,508
-0.359264,1.79632,0,0,0,0,0.791139,38.0181,32303,1274.51,0.173106,509
-0.384148,2.0305,0,0,0,0,0.791139,25.2005,16278.3,968.927,0.21262,510
-0.441104,2.45758,0,0,0,0,0.791139,7.5512,2184.17,433.873,0.388418,511
-0.304097,-2.37196,0,0,0,0,0.791139,11.0853,4141.66,560.424,0.320578,512
-0.270803,-2.00394,0,0,0,0,0.791139,27.4725,18797.1,1026.32,0.203638,513
-0.2543,-1.7801,0,0,0,0,0.791139,40.0085,35170.7,1318.62,0.168745,514
-0.243196,-1.6051,0,0,0,0,0.791139,50.7917,52349.7,1546.01,0.149765,515
-0.234916,-1.45648,0,0,0,0,0.791139,60.3804,69837.3,1734.93,0.13736,516
-0.228406,-1.32475,0,0,0,0,0.791139,69.0258,87286.2,1896.82,0.12847,517
-0.223122,-1.20486,0,0,0,0,0.791139,76.8662,104429,2037.86,0.121742,518
-0.218745,-1.09372,0,0,0,0,0.791139,83.9878,121047,2161.87,0.116466,519
-0.215071,-0.989325,0,0,0,0,0.791139,90.4483,136960,2271.36,0.11223,520
-0.211963,-0.890246,0,0,0,0,0.791139,96.2879,152013,2368.1,0.108773,521
-0.209325,-0.795434,0,0,0,0,0.791139,101.536,166072,2453.38,0.105925,522
-0.207083,-0.704084,0,0,0,0,0.791139,106.216,179023,2528.19,0.103565,523
-0.205187,-0.615562,0,0,0,0,0.791139,110.343,190766,2593.27,0.10161,524
-0.203596,-0.52935,0,0,0,0,0.791139,113.931,201217,2649.19,0.0999968,525
-0.202277,-0.44501,0,0,0,0,0.791139,116.991,210305,2696.42,0.0986804,526
-0.201212,-0.362181,0,0,0,0,0.791139,119.53,217967,2735.29,0.0976267,527
-0.200378,-0.280529,0,0,0,0,0.791139,121.555,224155,2766.09,0.0968102,528
-0.199762,-0.199762,0,0,0,0,0.791139,123.07,228830,2789.02,0.0962126,529
-0.199357,-0.119614,0,0,0,0,0.791139,124.078,231962,2804.23,0.095821,530
-0.199155,-0.0398309,0,0,0,0,0.791139,124.581,233533,2811.82,0.0956272,531
-0.199155,0.0398309,0,0,0,0,0.791139,124.581,233533,2811.82,0.0956272,532
-0.199357,0.119614,0,0,0,0,0.791139,124.078,231962,2804.23,0.095821,533
-0.199762,0.199762,0,0,0,0,0.791139,123.07,228830,2789.02,0.0962126,534
-0.200378,0.280529,0,0,0,0,0.791139,121.555,224155,2766.09,0.0968102,535
-0.201212,0.362181,0,0,0,0,0.791139,119.53,217967,2735.29,0.0976267,536
-0.202277,0.44501,0,0,0,0,0.791139,116.991,210305,2696.42,0.0986804,537
-0.203596,0.52935,0,0,0,0,0.791139,113.931,201217,2649.19,0.0999968,538
-0.205187,0.615562,0,0,0,0,0.791139,110.343,190766,2593.27,0.10161,539
-0.207083,0.704084,0,0,0,0,0.791139,106.216,179023,2528.19,0.103565,540
-0.209325,0.795434,0,0,0,0,0.791139,101.536,166072,2453.38,0.105925,541
-0.211963,0.890246,0,0,0,0,0.791139,96.2879,152013,2368.1,0.108773,542
-0.215071,0.989325,0,0,0,0,0.791139,90.4483,136960,2271.36,0.11223,543
-0.218745,1.09372,0,0,0,0,0.791139,83.9878,121047,2161.87,0.116466,544
-0.223122,1.20486,0,0,0,0,0.791139,76.8662,104429,2037.86,0.121742,545
-0.228406,1.32475,0,0,0,0,0.791139,69.0258,87286.2,1896.82,0.12847,546
-0.234916,1.45648,0,0,0,0,0.791139,60.3804,69837.3,1734.93,0.13736,547
-0.243196,1.6051,0,0,0,0,0.791139,50.7917,52349.7,1546.01,0.149765,548
-0.2543,1.7801,0,0,0,0,0.791139,40.0085,35170.7,1318.62,0.168745,549
-0.270803,2.00394,0,0,0,0,0.791139,27.4725,18797.1,1026.32,0.203638,550
-0.304097,2.37196,0,0,0,0,0.791139,11.0853,4141.66,560.424,0.320578,551
-0.179145,-2.32888,0,0,0,0,0.791139,13.1654,5516.32,628.503,0.294165,552
-0.161152,-1.98754,0,0,0,0,0.791139,28.9501,20512.1,1062.8,0.198373,553
-0.151696,-1.76978,0,0,0,0,0.791139,41.3185,37110.8,1347.25,0.166049,554
-0.14524,-1.59764,0,0,0,0,0.791139,52.0154,54468.7,1570.75,0.147993,555
-0.140393,-1.45073,0,0,0,0,0.791139,61.5501,72106.5,1757.27,0.136048,556
-0.136566,-1.32014,0,0,0,0,0.791139,70.1579,89685.4,1917.5,0.127429,557
-0.133451,-1.20106,0,0,0,0,0.791139,77.971,106942,2057.34,0.120876,558
-0.130866,-1.09055,0,0,0,0,0.791139,85.0717,123662,2180.43,0.115722,559
-0.128693,-0.986648,0,0,0,0,0.791139,91.5156,139664,2289.19,0.111573,560
-0.126853,-0.887974,0,0,0,0,0.791139,97.3419,154796,2385.35,0.108183,561
-0.12529,-0.793502,0,0,0,0,0.791139,102.58,168925,2470.16,0.105385,562
-0.123961,-0.702446,0,0,0,0,0.791139,107.25,181938,2544.58,0.103064,563
-0.122836,-0.614178,0,0,0,0,0.791139,111.37,193736,2609.34,0.10114,564
-0.121892,-0.528197,0,0,0,0,0.791139,114.953,204233,2665.01,0.0995515,565
-0.121108,-0.444064,0,0,0,0,0.791139,118.008,213360,2712.02,0.0982543,566
-0.120474,-0.361423,0,0,0,0,0.791139,120.544,221055,2750.73,0.0972156,567
-0.119978,-0.27995,0,0,0,0,0.791139,122.565,227268,2781.4,0.0964104,568
-0.119614,-0.199357,0,0,0,0,0.791139,124.078,231962,2804.23,0.095821,569
-0.119375,-0.119375,0,0,0,0,0.791139,125.084,235107,2819.38,0.0954346,570
-0.119254,-0.0397515,0,0,0,0,0.791139,125.587,236684,2826.93,0.0952434,571
-0.119254,0.0397515,0,0,0,0,0.791139,125.587,236684,2826.93,0.0952434,572
-0.119375,0.119375,0,0,0,0,0.791139,125.084,235107,2819.38,0.0954346,573
-0.119614,0.199357,0,0,0,0,0.791139,124.078,231962,2804.23,0.095821,574
-0.119978,0.27995,0,0,0,0,0.791139,122.565,227268,2781.4,0.0964104,575
-0.120474,0.361423,0,0,0,0,0.791139,120.544,221055,2750.73,0.0972156,576
-0.121108,0.444064,0,0,0,0,0.791139,118.008,213360,2712.02,0.0982543,577
-0.121892,0.528197,0,0,0,0,0.791139,114.953,204233,2665.01,0.0995515,578
-0.122836,0.614178,0,0,0,0,0.791139,111.37,193736,2609.34,0.10114,579
-0.123961,0.702446,0,0,0,0,0.791139,107.25,181938,2544.58,0.103064,580
-0.12529,0.793502,0,0,0,0,0.791139,102.58,168925,2470.16,0.105385,581
-0.126853,0.887974,0,0,0,0,0.791139,97.3419,154796,2385.35,0.108183,582
-0.128693,0.986648,0,0,0,0,0.791139,91.5156,139664,2289.19,0.111573,583
-0.130866,1.09055,0,0,0,0,0.791139,85.0717,123662,2180.43,0.115722,584
-0.133451,1.20106,0,0,0,0,0.791139,77.971,106942,2057.34,0.120876,585
-0.136566,1.32014,0,0,0,0,0.791139,70.1579,89685.4,1917.5,0.127429,586
-0.140393,1.45073,0,0,0,0,0.791139,61.5501,72106.5,1757.27,0.136048,587
-0.14524,1.59764,0,0,0,0,0.791139,52.0154,54468.7,1570.75,0.147993,588
-0.151696,1.76978,0,0,0,0,0.791139,41.3185,37110.8,1347.25,0.166049,589
-0.161152,1.98754,0,0,0,0,0.791139,28.9501,20512.1,1062.8,0.198373,590
-0.179145,2.32888,0,0,0,0,0.791139,13.1654,5516.32,628.503,0.294165,591
-0.0592286,-2.30991,0,0,0,0,0.791139,14.1512,6221.81,659.499,0.283734,592
-0.0535048,-1.97968,0,0,0,0,0.791139,29.6791,21380.2,1080.57,0.195922,593
-0.0504217,-1.76476,0,0,0,0,0.791139,41.9689,38089.6,1361.35,0.164757,594
-0.0483026,-1.59399,0,0,0,0,0.791139,52.6244,55535.7,1582.98,0.147134,595
-0.0467063,-1.44789,0,0,0,0,0.791139,62.1328,73247.9,1768.34,0.135409,596
-0.0454433,-1.31785,0,0,0,0,0.791139,70.7226,90891.7,1927.78,0.12692,597
-0.0444141,-1.19918,0,0,0,0,0.791139,78.5221,108205,2067.03,0.120451,598
-0.0435591,-1.08898,0,0,0,0,0.791139,85.6125,124975,2189.66,0.115356,599
-0.0428401,-0.985323,0,0,0,0,0.791139,92.0482,141022,2298.06,0.11125,600
-0.0422309,-0.886848,0,0,0,0,0.791139,97.8681,156193,2393.93,0.107891,601
-0.041713,-0.792546,0,0,0,0,0.791139,103.1,170357,2478.52,0.105118,602
-0.0412725,-0.701632,0,0,0,0,0.791139,107.767,183401,2552.75,0.102817,603
-0.0408995,-0.613493,0,0,0,0,0.791139,111.883,195226,2617.35,0.100908,604
-0.0405865,-0.527625,0,0,0,0,0.791139,115.463,205746,2672.88,0.0993313,605
-0.0403271,-0.443598,0,0,0,0,0.791139,118.516,214892,2719.79,0.0980437,606
-0.0401169,-0.361052,0,0,0,0,0.791139,121.049,222603,2758.42,0.0970122,607
-0.0399524,-0.279667,0,0,0,0,0.791139,123.07,228830,2789.02,0.0962126,608
-0.0398309,-0.199155,0,0,0,0,0.791139,124.581,233533,2811.82,0.0956272,609
-0.0397515,-0.119254,0,0,0,0,0.791139,125.587,236684,2826.93,0.0952434,610
-0.0397111,-0.0397111,0,0,0,0,0.791139,126.09,238265,2834.47,0.0950534,611
-0.0397111,0.0397111,0,0,0,0,0.791139,126.09,238265,2834.47,0.0950534,612
-0.0397515,0.119254,0,0,0,0,0.791139,125.587,236684,2826.93,0.0952434,613
-0.0398309,0.199155,0,0,0,0,0.791139,124.581,233533,2811.82,0.0956272,614
-0.0399524,0.279667,0,0,0,0,0.791139,123.07,228830,2789.02,0.0962126,615
-0.0401169,0.361052,0,0,0,0,0.791139,121.049,222603,2758.42,0.0970122,616
-0.0403271,0.443598,0,0,0,0,0.791139,118.516,214892,2719.79,0.0980437,617
-0.0405865,0.527625,0,0,0,0,0.791139,115.463,205746,2672.88,0.0993313,618
-0.0408995,0.613493,0,0,0,0,0.791139,111.883,195226,2617.35,0.100908,619
-0.0412725,0.701632,0,0,0,0,0.791139,107.767,183401,2552.75,0.102817,620
-0.041713,0.792546,0,0,0,0,0.791139,103.1,170357,2478.52,0.105118,621
-0.0422309,0.886848,0,0,0,0,0.791139,97.8681,156193,2393.93,0.107891,622
-0.0428401,0.985323,0,0,0,0,0.791139,92.0482,141022,2298.06,0.11125,623
-0.0435591,1.08898,0,0,0,0,0.791139,85.6125,124975,2189.66,0.115356,624
-0.0444141,1.19918,0,0,0,0,0.791139,78.5221,108205,2067.03,0.120451,625
-0.0454433,1.31785,0,0,0,0,0.791139,70.7226,90891.7,1927.78,0.12692,626
-0.0467063,1.44789,0,0,0,0,0.791139,62.1328,73247.9,1768.34,0.135409,627
-0.0483026,1.59399,0,0,0,0,0.791139,52.6244,55535.7,1582.98,0.147134,628
-0.0504217,1.76476,0,0,0,0,0.791139,41.9689,38089.6,1361.35,0.164757,629
-0.0535048,1.97968,0,0,0,0,0.791139,29.6791,21380.2,1080.57,0.195922,630
-0.0592286,2.30991,0,0,0,0,0.791139,14.1512,6221.81,659.499,0.283734,631
0.0592286,-2.30991,0,0,0,0,0.791139,14.1512,6221.81,659.499,0.283734,632
0.0535048,-1.97968,0,0,0,0,0.791139,29.6791,21380.2,1080.57,0.195922,633
0.0504217,-1.76476,0,0,0,0,0.791139,41.9689,38089.6,1361.35,0.164757,634
0.0483026,-1.59399,0,0,0,0,0.791139,52.6244,55535.7,1582.98,0.147134,635
0.0467063,-1.44789,0,0,0,0,0.791139,62.1328,73247.9,1768.34,0.135409,636
0.0454433,-1.31785,0,0,0,0,0.791139,70.7226,90891.7,1927.78,0.12692,637
0.0444141,-1.19918,0,0,0,0,0.791139,78.5221,108205,2067.03,0.120451,638
0.0435591,-1.08898,0,0,0,0,0.791139,85.6125,124975,2189.66,0.115356,639
0.0428401,-0.985323,0,0,0,0,0.791139,92.0482,141022,2298.06,0.11125,640
0.0422309,-0.886848,0,0,0,0,0.791139,97.8681,156193,2393.93,0.107891,641
0.041713,-0.792546,0,0,0,0,0.791139,103.1,170357,2478.52,0.105118,642
0.0412725,-0.701632,0,0,0,0,0.791139,107.767,183401,2552.75,0.102817,643
0.0408995,-0.613493,0,0,0,0,0.791139,111.883,195226,2617.35,0.100908,644
0.0405865,-0.527625,0,0,0,0,0.791139,115.463,205746,2672.88,0.0993313,645
0.0403271,-0.443598,0,0,0,0,0.791139,118.516,214892,2719.79,0.0980437,646
0.0401169,-0.361052,0,0,0,0,0.791139,121.049,222603,2758.42,0.0970122,647
0.0399524,-0.279667,0,0,0,0,0.791139,123.07,228830,2789.02,0.0962126,648
0.0398309,-0.199155,0,0,0,0,0.791139,124.581,233533,2811.82,0.0956272,649
0.0397515,-0.119254,0,0,0,0,0.791139,125.587,236684,2826.93,0.0952434,650
0.0397111,-0.0397111,0,0,0,0,0.791139,126.09,238265,2834.47,0.0950534,651
0.0397111,0.0397111,0,0,0,0,0.791139,126.09,238265,2834.47,0.0950534,652
0.0397515,0.119254,0,0,0,0,0.791139,125.587,236684,2826.93,0.0952434,653
0.0398309,0.199155,0,0,0,0,0.791139,124.581,233533,2811.82,0.0956272,654
0.0399524,0.279667,0,0,0,0,0.791139,123.07,228830,2789.02,0.0962126,655
0.0401169,0.361052,0,0,0,0,0.791139,121.049,222603,2758.42,0.0970122,656
0.0403271,0.443598,0,0,0,0,0.791139,118.516,214892,2719.79,0.0980437,657
0.0405865,0.527625,0,0,0,0,0.791139,115.463,205746,2672.88,0.0993313,658
0.0408995,0.613493,0,0,0,0,0.791139,111.883,195226,2617.35,0.100908,659
0.0412725,0.701632,0,0,0,0,0.791139,107.767,183401,2552.75,0.102817,660
0.041713,0.792546,0,0,0,0,0.791139,103.1,170357,2478.52,0.105118,661
0.0422309,0.886848,0,0,0,0,0.791139,97.8681,156193,2393.93,0.107891,662
0.0428401,0.985323,0,0,0,0,0.791139,92.0482,141022,2298.06,0.11125,663
0.0435591,1.08898,0,0,0,0,0.791139,85.6125,124975,2189.66,0.115356,664
0.0444141,1.19918,0,0,0,0,0.791139,78.5221,108205,2067.03,0.120451,665
0.0454433,1.31785,0,0,0,0,0.791139,70.7226,90891.7,1927.78,0.12692,666
0.0467063,1.44789,0,0,0,0,0.791139,62.1328,73247.9,1768.34,0.135409,667
0.0483026,1.59399,0,0,0,0,0.791139,52.6244,55535.7,1582.98,0.147134,668
0.0504217,1.76476,0,0,0,0,0.791139,41.9689,38089.6,1361.35,0.164757,669
0.0535048,1.97968,0,0,0,0,0.791139,29.6791,21380.2,1080.57,0.195922,670
0.0592286,2.30991,0,0,0,0,0.791139,14.1512,6221.81,659.499,0.283734,671
0.179145,-2.32888,0,0,0,0,0.791139,13.1654,5516.32,628.503,0.294165,672
0.161152,-1.98754,0,0,0,0,0.791139,28.9501,20512.1,1062.8,0.198373,673
0.151696,-1.76978,0,0,0,0,0.791139,41.3185,37110.8,1347.25,0.166049,674
0.14524,-1.59764,0,0,0,0,0.791139,52.0154,54468.7,1570.75,0.147993,675
0.140393,-1.45073,0,0,0,0,0.791139,61.5501,72106.5,1757.27,0.136048,676
0.136566,-1.32014,0,0,0,0,0.791139,70.1579,89685.4,1917.5,0.127429,677
0.133451,-1.20106,0,0,0,0,0.791139,77.971,106942,2057.34,0.120876,678
0.130866,-1.09055,0,0,0,0,0.791139,85.0717,123662,2180.43,0.115722,679
0.128693,-0.986648,0,0,0,0,0.791139,91.5156,139664,2289.19,0.111573,680
0.126853,-0.887974,0,0,0,0,0.791139,97.3419,154796,2385.35,0.108183,681
0.12529,-0.793502,0,0,0,0,0.791139,102.58,168925,2470.16,0.105385,682
0.123961,-0.702446,0,0,0,0,0.791139,107.25,181938,2544.58,0.103064,683
0.122836,-0.614178,0,0,0,0,0.791139,111.37,193736,2609.34,0.10114,684
0.121892,-0.528197,0,0,0,0,0.791139,114.953,204233,2665.01,0.0995515,685
0.121108,-0.444064,0,0,0,0,0.791139,118.008,213360,2712.02,0.0982543,686
0.120474,-0.361423,0,0,0,0,0.791139,120.544,221055,2750.73,0.0972156,687
0.119978,-0.27995,0,0,0,0,0.791139,122.565,227268,2781.4,0.0964104,688
0.119614,-0.199357,0,0,0,0,0.791139,124.078,231962,2804.23,0.095821,689
0.119375,-0.119375,0,0,0,0,0.791139,125.084,235107,2819.38,0.0954346,690
0.119254,-0.0397515,0,0,0,0,0.791139,125.587,236684,2826.93,0.0952434,691
0.119254,0.0397515,0,0,0,0,0.791139,125.587,236684,2826.93,0.0952434,692
0.119375,0.119375,0,0,0,0,0.791139,125.084,235107,2819.38,0.0954346,693
0.119614,0.199357,0,0,0,0,0.791139,124.078,231962,2804.23,0.095821,694
0.119978,0.27995,0,0,0,0,0.791139,122.565,227268,2781.4,0.0964104,695
0.120474,0.361423,0,0,0,0,0.791139,120.544,221055,2750.73,0.0972156,696
0.121108,0.444064,0,0,0,0,0.791139,118.008,213360,2712.02,0.0982543,697
0.121892,0.528197,0,0,0,0,0.791139,114.953,204233,2665.01,0.0995515,698
0.122836,0.614178,0,0,0,0,0.791139,111.37,193736,2609.34,0.10114,699
0.123961,0.702446,0,0,0,0,0.791139,107.25,181938,2544.58,0.103064,700
0.12529,0.793502,0,0,0,0,0.791139,102.58,168925,2470.16,0.105385,701
0.126853,0.887974,0,0,0,0,0.791139,97.3419,154796,2385.35,0.108183,702
0.128693,0.986648,0,0,0,0,0.791139,91.5156,139664,2289.19,0.111573,703
0.130866,1.09055,0,0,0,0,0.791139,85.0717,123662,2180.43,0.115722,704
0.133451,1.20106,0,0,0,0,0.791139,77.971,106942,2057.34,0.120876,705
0.136566,1.32014,0,0,0,0,0.791139,70.1579,89685.4,1917.5,0.127429,706
0.140393,1.45073,0,0,0,0,0.791139,61.5501,72106.5,1757.27,0.136048,707
0.14524,1.59764,0,0,0,0,0.791139,52.0154,54468.7,1570.75,0.147993,708
0.151696,1.76978,0,0,0,0,0.791139,41.3185,37110.8,1347.25,0.166049,709
0.161152,1.98754,0,0,0,0,0.791139,28.9501,20512.1,1062.8,0.198373,710
0.179145,2.32888,0,0,0,0,0.791139,13.1654,5516.32,628.503,0.294165,711
0.304097,-2.37196,0,0,0,0,0.791139,11.0853,4141.66,560.424,0.320578,712
0.270803,-2.00394,0,0,0,0,0.791139,27.4725,18797.1,1026.32,0.203638,713
0.2543,-1.7801,0,0,0,0,0.791139,40.0085,35170.7,1318.62,0.168745,714
0.243196,-1.6051,0,0,0,0,0.791139,50.7917,52349.7,1546.01,0.149765,715
0.234916,-1.45648,0,0,0,0,0.791139,60.3804,69837.3,1734.93,0.13736,716
0.228406,-1.32475,0,0,0,0,0.791139,69.0258,87286.2,1896.82,0.12847,717
0.223122,-1.20486,0,0,0,0,0.791139,76.8662,104429,2037.86,0.121742,718
0.218745,-1.09372,0,0,0,0,0.791139,83.9878,121047,2161.87,0.116466,719
0.215071,-0.989325,0,0,0,0,0.791139,90.4483,136960,2271.36,0.11223,720
0.211963,-0.890246,0,0,0,0,0.791139,96.2879,152013,2368.1,0.108773,721
0.209325,-0.795434,0,0,0,0,0.791139,101.536,166072,2453.38,0.105925,722
0.207083,-0.704084,0,0,0,0,0.791139,106.216,179023,2528.19,0.103565,723
0.205187,-0.615562,0,0,0,0,0.791139,110.343,190766,2593.27,0.10161,724
0.203596,-0.52935,0,0,0,0,0.791139,113.931,201217,2649.19,0.0999968,725
0.202277,-0.44501,0,0,0,0,0.791139,116.991,210305,2696.42,0.0986804,726
0.201212,-0.362181,0,0,0,0,0.791139,119.53,217967,2735.29,0.0976267,727
0.200378,-0.280529,0,0,0,0,0.791139,121.555,224155,2766.09,0.0968102,728
0.199762,-0.199762,0,0,0,0,0.791139,123.07,228830,2789.02,0.0962126,729
0.199357,-0.119614,0,0,0,0,0.791139,124.078,231962,2804.23,0.095821,730
0.199155,-0.0398309,0,0,0,0,0.791139,124.581,233533,2811.82,0.0956272,731
0.199155,0.0398309,0,0,0,0,0.791139,124.581,233533,2811.82,0.0956272,732
0.199357,0.119614,0,0,0,0,0.791139,124.078,231962,2804.23,0.095821,733
0.199762,0.199762,0,0,0,0,0.791139,123.07,228830,2789.02,0.0962126,734
0.200378,0.280529,0,0,0,0,0.791139,121.555,224155,2766.09,0.0968102,735
0.201212,0.362181,0,0,0,0,0.791139,119.53,217967,2735.29,0.0976267,736
0.202277,0.44501,0,0,0,0,0.791139,116.991,210305,2696.42,0.0986804,737
0.203596,0.52935,0,0,0,0,0.791139,113.931,201217,2649.19,0.0999968,738
0.205187,0.615562,0,0,0,0,0.791139,110.343,190766,2593.27,0.10161,739
0.207083,0.704084,0,0,0,0,0.791139,106.216,179023,2528.19,0.103565,740
0.209325,0.795434,0,0,0,0,0.791139,101.536,166072,2453.38,0.105925,741
0.211963,0.890246,0,0,0,0,0.791139,96.2879,152013,2368.1,0.108773,742
0.215071,0.989325,0,0,0,0,0.791139,90.4483,136960,2271.36,0.11223,743
0.218745,1.09372,0,0,0,0,0.791139,83.9878,121047,2161.87,0.116466,744
0.223122,1.20486,0,0,0,0,0.791139,76.8662,104429,2037.86,0.121742,745
0.228406,1.32475,0,0,0,0,0.791139,69.0258,87286.2,1896.82,0.12847,746
0.234916,1.45648,0,0,0,0,0.791139,60.3804,69837.3,1734.93,0.13736,747
0.243196,1.6051,0,0,0,0,0.791139,50.7917,52349.7,1546.01,0.149765,748
0.2543,1.7801,0,0,0,0,0.791139,40.0085,35170.7,1318.62,0.168745,749
0.270803,2.00394,0,0,0,0,0.791139,27.4725,18797.1,1026.32,0.203638,750
0.304097,2.37196,0,0,0,0,0.791139,11.0853,4141.66,560.424,0.320578,751
0.441104,-2.45758,0,0,0,0,0.791139,7.5512,2184.17,433.873,0.388418,752
0.384148,-2.0305,0,0,0,0,0.791139,25.2005,16278.3,968.927,0.21262,753
0.359264,-1.79632,0,0,0,0,0.791139,38.0181,32303,1274.51,0.173106,754
0.34293,-1.61667,0,0,0,0,0.791139,48.9406,49208.8,1508.22,0.152571,755
0.330889,-1.46537,0,0,0,0,0.791139,58.6148,66466.9,1700.94,0.139413,756
0.321482,-1.33185,0,0,0,0,0.791139,67.3189,83718.5,1865.42,0.130089,757
0.313879,-1.21068,0,0,0,0,0.791139,75.2022,100688,2008.35,0.123081,758
0.307601,-1.09857,0,0,0,0,0.791139,82.3565,117154,2133.78,0.117614,759
0.302344,-0.993415,0,0,0,0,0.791139,88.8425,132931,2244.39,0.113239,760
0.297904,-0.893713,0,0,0,0,0.791139,94.7024,147864,2342.03,0.10968,761
0.294139,-0.798378,0,0,0,0,0.791139,99.9673,161817,2428.05,0.106753,762
0.290944,-0.706579,0,0,0,0,0.791139,104.66,174675,2503.45,0.104332,763
0.288244,-0.617665,0,0,0,0,0.791139,108.799,186337,2569.02,0.102328,764
0.285978,-0.531103,0,0,0,0,0.791139,112.396,196719,2625.34,0.100677,765
0.284106,-0.446452,0,0,0,0,0.791139,115.463,205746,2672.88,0.0993313,766
0.282586,-0.363325,0,0,0,0,0.791139,118.008,213360,2712.02,0.0982543,767
0.281403,-0.281403,0,0,0,0,0.791139,120.037,219509,2743.02,0.0974204,768
0.280529,-0.200378,0,0,0,0,0.791139,121.555,224155,2766.09,0.0968102,769
0.27995,-0.119978,0,0,0,0,0.791139,122.565,227268,2781.4,0.0964104,770
0.279667,-0.0399524,0,0,0,0,0.791139,123.07,228830,2789.02,0.0962126,771
0.279667,0.0399524,0,0,0,0,0.791139,123.07,228830,2789.02,0.0962126,772
0.27995,0.119978,0,0,0,0,0.791139,122.565,227268,2781.4,0.0964104,773
0.280529,0.200378,0,0,0,0,0.791139,121.555,224155,2766.09,0.0968102,774
0.281403,0.281403,0,0,0,0,0.791139,120.037,219509,2743.02,0.0974204,775
0.282586,0.363325,0,0,0,0,0.791139,118.008,213360,2712.02,0.0982543,776
0.284106,0.446452,0,0,0,0,0.791139,115.463,205746,2672.88,0.0993313,777
0.285978,0.531103,0,0,0,0,0.791139,112.396,196719,2625.34,0.100677,778
0.288244,0.617665,0,0,0,0,0.791139,108.799,186337,2569.02,0.102328,779
0.290944,0.706579,0,0,0,0,0.791139,104.66,174675,2503.45,0.104332,780
0.294139,0.798378,0,0,0,0,0.791139,99.9673,161817,2428.05,0.106753,781
0.297904,0.893713,0,0,0,0,0.791139,94.7024,147864,2342.03,0.10968,782
0.302344,0.993415,0,0,0,0,0.791139,88.8425,132931,2244.39,0.113239,783
0.307601,1.09857,0,0,0,0,0.791139,82.3565,117154,2133.78,0.117614,784
0.313879,1.21068,0,0,0,0,0.791139,75.2022,100688,2008.35,0.123081,785
0.321482,1.33185,0,0,0,0,0.791139,67.3189,83718.5,1865.42,0.130089,786
0.330889,1.46537,0,0,0,0,0.791139,58.6148,66466.9,1700.94,0.139413,787
0.34293,1.61667,0,0,0,0,0.791139,48.9406,49208.8,1508.22,0.152571,788
0.359264,1.79632,0,0,0,0,0.791139,38.0181,32303,1274.51,0.173106,789
0.384148,2.0305,0,0,0,0,0.791139,25.2005,16278.3,968.927,0.21262,790
0.441104,2.45758,0,0,0,0,0.791139,7.5512,2184.17,433.873,0.388418,791
0.503613,-2.07041,0,0,0,0,0.791139,22.0472,13027.1,886.313,0.227317,792
0.467873,-1.81951,0,0,0,0,0.791139,35.3118,28562.3,1213.29,0.179617,793
0.445341,-1.63292,0,0,0,0,0.791139,46.4409,45091.5,1456.42,0.156624,794
0.42901,-1.4777,0,0,0,0,0.791139,56.2391,62038,1654.67,0.142327,795
0.416375,-1.34165,0,0,0,0,0.791139,65.0265,79021.4,1822.83,0.132362,796
0.406225,-1.21868,0,0,0,0,0.791139,72.9704,95757.3,1968.41,0.124949,797
0.39788,-1.10522,0,0,0,0,0.791139,80.1704,112017,2095.85,0.119207,798
0.390915,-0.999004,0,0,0,0,0.791139,86.6919,127612,2208.02,0.114635,799
0.385046,-0.89844,0,0,0,0,0.791139,92.5803,142383,2306.91,0.11093,800
0.380078,-0.802386,0,0,0,0,0.791139,97.8681,156193,2393.93,0.107891,801
0.375869,-0.709975,0,0,0,0,0.791139,102.58,168925,2470.16,0.105385,802
0.372316,-0.620527,0,0,0,0,0.791139,106.733,180478,2536.4,0.103314,803
0.369337,-0.533487,0,0,0,0,0.791139,110.343,190766,2593.27,0.10161,804
0.366875,-0.448403,0,0,0,0,0.791139,113.42,199715,2641.26,0.100222,805
0.364884,-0.364884,0,0,0,0,0.791139,115.973,207262,2680.75,0.0991128,806
0.363325,-0.282586,0,0,0,0,0.791139,118.008,213360,2712.02,0.0982543,807
0.362181,-0.201212,0,0,0,0,0.791139,119.53,217967,2735.29,0.0976267,808
0.361423,-0.120474,0,0,0,0,0.791139,120.544,221055,2750.73,0.0972156,809
0.361052,-0.0401169,0,0,0,0,0.791139,121.049,222603,2758.42,0.0970122,810
0.361052,0.0401169,0,0,0,0,0.791139,121.049,222603,2758.42,0.0970122,811
0.361423,0.120474,0,0,0,0,0.791139,120.544,221055,2750.73,0.0972156,812
0.362181,0.201212,0,0,0,0,0.791139,119.53,217967,2735.29,0.0976267,813
0.363325,0.282586,0,0,0,0,0.791139,118.008,213360,2712.02,0.0982543,814
0.364884,0.364884,0,0,0,0,0.791139,115.973,207262,2680.75,0.0991128,815
0.366875,0.448403,0,0,0,0,0.791139,113.42,199715,2641.26,0.100222,816
0.369337,0.533487,0,0,0,0,0.791139,110.343,190766,2593.27,0.10161,817
0.372316,0.620527,0,0,0,0,0.791139,106.733,180478,2536.4,0.103314,818
0.375869,0.709975,0,0,0,0,0.791139,102.58,168925,2470.16,0.105385,819
0.380078,0.802386,0,0,0,0,0.791139,97.8681,156193,2393.93,0.107891,820
0.385046,0.89844,0,0,0,0,0.791139,92.5803,142383,2306.91,0.11093,821
0.390915,0.999004,0,0,0,0,0.791139,86.6919,127612,2208.02,0.114635,822
0.39788,1.10522,0,0,0,0,0.791139,80.1704,112017,2095.85,0.119207,823
0.406225,1.21868,0,0,0,0,0.791139,72.9704,95757.3,1968.41,0.124949,824
0.416375,1.34165,0,0,0,0,0.791139,65.0265,79021.4,1822.83,0.132362,825
0.42901,1.4777,0,0,0,0,0.791139,56.2391,62038,1654.67,0.142327,826
0.445341,1.63292,0,0,0,0,0.791139,46.4409,45091.5,1456.42,0.156624,827
0.467873,1.81951,0,0,0,0,0.791139,35.3118,28562.3,1213.29,0.179617,828
0.503613,2.07041,0,0,0,0,0.791139,22.0472,13027.1,886.313,0.227317,829
0.633388,-2.13049,0,0,0,0,0.791139,17.8375,9151.35,769.558,0.25272,830
0.581903,-1.85151,0,0,0,0,0.791139,31.8302,24024.8,1132.17,0.189186,831
0.551564,-1.65469,0,0,0,0,0.791139,43.2604,40063.1,1389.14,0.162279,832
0.530128,-1.494,0,0,0,0,0.791139,53.2313,56607.3,1595.13,0.146293,833
0.513769,-1.35448,0,0,0,0,0.791139,62.1328,73247.9,1768.34,0.135409,834
0.500741,-1.22909,0,0,0,0,0.791139,70.1579,89685.4,1917.5,0.127429,835
0.49009,-1.11384,0,0,0,0,0.791139,77.4191,105683,2047.62,0.121306,836
0.481238,-1.00622,0,0,0,0,0.791139,83.9878,121047,2161.87,0.116466,837
0.473803,-0.904533,0,0,0,0,0.791139,89.9137,135614,2262.4,0.112563,838
0.467526,-0.807545,0,0,0,0,0.791139,95.2315,149243,2350.74,0.109375,839
0.462219,-0.714338,0,0,0,0,0.791139,99.9673,161817,2428.05,0.106753,840
0.457743,-0.624195,0,0,0,0,0.791139,104.141,173232,2495.16,0.104592,841
0.453997,-0.536542,0,0,0,0,0.791139,107.767,183401,2552.75,0.102817,842
0.450903,-0.450903,0,0,0,0,0.791139,110.857,192249,2601.32,0.101374,843
0.448403,-0.366875,0,0,0,0,0.791139,113.42,199715,2641.26,0.100222,844
0.446452,-0.284106,0,0,0,0,0.791139,115.463,205746,2672.88,0.0993313,845
0.44501,-0.202277,0,0,0,0,0.791139,116.991,210305,2696.42,0.0986804,846
0.444064,-0.121108,0,0,0,0,0.791139,118.008,213360,2712.02,0.0982543,847
0.443598,-0.0403271,0,0,0,0,0.791139,118.516,214892,2719.79,0.0980437,848
0.443598,0.0403271,0,0,0,0,0.791139,118.516,214892,2719.79,0.0980437,849
0.444064,0.121108,0,0,0,0,0.791139,118.008,213360,2712.02,0.0982543,850
0.44501,0.202277,0,0,0,0,0.791139,116.991,210305,2696.42,0.0986804,851
0.446452,0.284106,0,0,0,0,0.791139,115.463,205746,2672.88,0.0993313,852
0.448403,0.366875,0,0,0,0,0.791139,113.42,199715,2641.26,0.100222,853
0.450903,0.450903,0,0,0,0,0.791139,110.857,192249,2601.32,0.101374,854
0.453997,0.536542,0,0,0,0,0.791139,107.767,183401,2552.75,0.102817,855
0.457743,0.624195,0,0,0,0,0.791139,104.141,173232,2495.16,0.104592,856
0.462219,0.714338,0,0,0,0,0.791139,99.9673,161817,2428.05,0.106753,857
0.467526,0.807545,0,0,0,0,0.791139,95.2315,149243,2350.74,0.109375,858
0.473803,0.904533,0,0,0,0,0.791139,89.9137,135614,2262.4,0.112563,859
0.481238,1.00622,0,0,0,0,0.791139,83.9878,121047,2161.87,0.116466,860
0.49009,1.11384,0,0,0,0,0.791139,77.4191,105683,2047.62,0.121306,861
0.500741,1.22909,0,0,0,0,0.791139,70.1579,89685.4,1917.5,0.127429,862
0.513769,1.35448,0,0,0,0,0.791139,62.1328,73247.9,1768.34,0.135409,863
0.530128,1.494,0,0,0,0,0.791139,53.2313,56607.3,1595.13,0.146293,864
0.551564,1.65469,0,0,0,0,0.791139,43.2604,40063.1,1389.14,0.162279,865
0.581903,1.85151,0,0,0,0,0.791139,31.8302,24024.8,1132.17,0.189186,866
0.633388,2.13049,0,0,0,0,0.791139,17.8375,9151.35,769.558,0.25272,867
0.783148,-2.22896,0,0,0,0,0.791139,12.1456,4822.7,595.612,0.306266,868
0.704088,-1.89562,0,0,0,0,0.791139,27.4725,18797.1,1026.32,0.203638,869
0.663149,-1.68338,0,0,0,0,0.791139,39.3487,34209.3,1304.08,0.170154,870
0.635329,-1.51502,0,0,0,0,0.791139,49.5597,50250.7,1520.91,0.151615,871
0.614508,-1.37083,0,0,0,0,0.791139,58.6148,66466.9,1700.94,0.139413,872
0.59812,-1.24225,0,0,0,0,0.791139,66.7475,82537.7,1854.85,0.130644,873
0.584828,-1.12467,0,0,0,0,0.791139,74.0881,98214.3,1988.46,0.124003,874
0.573842,-1.01526,0,0,0,0,0.791139,80.7181,113295,2105.39,0.118802,875
0.564655,-0.912134,0,0,0,0,0.791139,86.6919,127612,2208.02,0.114635,876
0.556922,-0.813963,0,0,0,0,0.791139,92.0482,141022,2298.06,0.11125,877
0.550399,-0.719753,0,0,0,0,0.791139,96.8152,153403,2376.73,0.108477,878
0.544912,-0.628745,0,0,0,0,0.791139,101.014,164650,2444.96,0.106198,879
0.540325,-0.540325,0,0,0,0,0.791139,104.66,174675,2503.45,0.104332,880
0.536542,-0.453997,0,0,0,0,0.791139,107.767,183401,2552.75,0.102817,881
0.533487,-0.369337,0,0,0,0,0.791139,110.343,190766,2593.27,0.10161,882
0.531103,-0.285978,0,0,0,0,0.791139,112.396,196719,2625.34,0.100677,883
0.52935,-0.203596,0,0,0,0,0.791139,113.931,201217,2649.19,0.0999968,884
0.528197,-0.121892,0,0,0,0,0.791139,114.953,204233,2665.01,0.0995515,885
0.527625,-0.0405865,0,0,0,0,0.791139,115.463,205746,2672.88,0.0993313,886
0.527625,0.0405865,0,0,0,0,0.791139,115.463,205746,2672.88,0.0993313,887
0.528197,0.121892,0,0,0,0,0.791139,114.953,204233,2665.01,0.0995515,888
0.52935,0.203596,0,0,0,0,0.791139,113.931,201217,2649.19,0.0999968,889
0.531103,0.285978,0,0,0,0,0.791139,112.396,196719,2625.34,0.100677,890
0.533487,0.369337,0,0,0,0,0.791139,110.343,190766,2593.27,0.10161,891
0.536542,0.453997,0,0,0,0,0.791139,107.767,183401,2552.75,0.102817,892
0.540325,0.540325,0,0,0,0,0.791139,104.66,174675,2503.45,0.104332,893
0.544912,0.628745,0,0,0,0,0.791139,101.014,164650,2444.96,0.106198,894
0.550399,0.719753,0,0,0,0,0.791139,96.8152,153403,2376.73,0.108477,895
0.556922,0.813963,0,0,0,0,0.791139,92.0482,141022,2298.06,0.11125,896
0.564655,0.912134,0,0,0,0,0.791139,86.6919,127612,2208.02,0.114635,897
0.573842,1.01526,0,0,0,0,0.791139,80.7181,113295,2105.39,0.118802,898
0.584828,1.12467,0,0,0,0,0.791139,74.0881,98214.3,1988.46,0.124003,899
0.59812,1.24225,0,0,0,0,0.791139,66.7475,82537.7,1854.85,0.130644,900
0.614508,1.37083,0,0,0,0,0.791139,58.6148,66466.9,1700.94,0.139413,901
0.635329,1.51502,0,0,0,0,0.791139,49.5597,50250.7,1520.91,0.151615,902
0.663149,1.68338,0,0,0,0,0.791139,39.3487,34209.3,1304.08,0.170154,903
0.704088,1.89562,0,0,0,0,0.791139,27.4725,18797.1,1026.32,0.203638,904
0.783148,2.22896,0,0,0,0,0.791139,12.1456,4822.7,595.612,0.306266,905
1.00805,-2.48652,0,0,0,0,0.791139,2.71859,397.955,219.574,0.647345,906
0.839355,-1.9585,0,0,0,0,0.791139,22.0472,13027.1,886.313,0.227317,907
0.782407,-1.7213,0,0,0,0,0.791139,34.6249,27642.4,1197.51,0.18139,908
0.746099,-1.54194,0,0,0,0,0.791139,45.1766,43064.2,1429.86,0.1588,909
0.719688,-1.3914,0,0,0,0,0.791139,54.4397,58765.2,1619.18,0.14466,910
0.699238,-1.25863,0,0,0,0,0.791139,62.7143,74393.9,1779.35,0.13478,911
0.682828,-1.13805,0,0,0,0,0.791139,70.1579,89685.4,1917.5,0.127429,912
0.669365,-1.02636,0,0,0,0,0.791139,76.8662,104429,2037.86,0.121742,913
0.658167,-0.921434,0,0,0,0,0.791139,82.901,118448,2143.18,0.117227,914
0.648781,-0.821789,0,0,0,0,0.791139,88.3059,131596,2235.35,0.113583,915
0.640891,-0.726343,0,0,0,0,0.791139,93.1117,143748,2315.73,0.110613,916
0.634267,-0.634267,0,0,0,0,0.791139,97.3419,154796,2385.35,0.108183,917
0.628745,-0.544912,0,0,0,0,0.791139,101.014,164650,2444.96,0.106198,918
0.624195,-0.457743,0,0,0,0,0.791139,104.141,173232,2495.16,0.104592,919
0.620527,-0.372316,0,0,0,0,0.791139,106.733,180478,2536.4,0.103314,920
0.617665,-0.288244,0,0,0,0,0.791139,108.799,186337,2569.02,0.102328,921
0.615562,-0.205187,0,0,0,0,0.791139,110.343,190766,2593.27,0.10161,922
0.614178,-0.122836,0,0,0,0,0.791139,111.37,193736,2609.34,0.10114,923
0.613493,-0.0408995,0,0,0,0,0.791139,111.883,195226,2617.35,0.100908,924
0.613493,0.0408995,0,0,0,0,0.791139,111.883,195226,2617.35,0.100908,925
0.614178,0.122836,0,0,0,0,0.791139,111.37,193736,2609.34,0.10114,926
0.615562,0.205187,0,0,0,0,0.791139,110.343,190766,2593.27,0.10161,927
0.617665,0.288244,0,0,0,0,0.791139,108.799,186337,2569.02,0.102328,928
0.620527,0.372316,0,0,0,0,0.791139,106.733,180478,2536.4,0.103314,929
0.624195,0.457743,0,0,0,0,0.791139,104.141,173232,2495.16,0.104592,930
0.628745,0.544912,0,0,0,0,0.791139,101.014,164650,2444.96,0.106198,931
0.634267,0.634267,0,0,0,0,0.791139,97.3419,154796,2385.35,0.108183,932
0.640891,0.726343,0,0,0,0,0.791139,93.1117,143748,2315.73,0.110613,933
0.648781,0.821789,0,0,0,0,0.791139,88.3059,131596,2235.35,0.113583,934
0.658167,0.921434,0,0,0,0,0.791139,82.901,118448,2143.18,0.117227,935
0.669365,1.02636,0,0,0,0,0.791139,76.8662,104429,2037.86,0.121742,936
0.682828,1.13805,0,0,0,0,0.791139,70.1579,89685.4,1917.5,0.127429,937
0.699238,1.25863,0,0,0,0,0.791139,62.7143,74393.9,1779.35,0.13478,938
0.719688,1.3914,0,0,0,0,0.791139,54.4397,58765.2,1619.18,0.14466,939
0.746099,1.54194,0,0,0,0,0.791139,45.1766,43064.2,1429.86,0.1588,940
0.782407,1.7213,0,0,0,0,0.791139,34.6249,27642.4,1197.51,0.18139,941
0.839355,1.9585,0,0,0,0,0.791139,22.0472,13027.1,886.313,0.227317,942
1.00805,2.48652,0,0,0,0,0.791139,2.71859,397.955,219.574,0.647345,943
0.999203,-2.05718,0,0,0,0,0.791139,15.1079,6938.5,688.896,0.274604,944
0.913193,-1.77267,0,0,0,0,0.791139,28.9501,20512.1,1062.8,0.198373,945
0.86462,-1.57666,0,0,0,0,0.791139,40.0085,35170.7,1318.62,0.168745,946
0.830815,-1.41727,0,0,0,0,0.791139,49.5597,50250.7,1520.91,0.151615,947
0.805247,-1.27892,0,0,0,0,0.791139,58.0234,65353,1689.48,0.140122,948
0.785027,-1.15445,0,0,0,0,0.791139,65.6015,80189.4,1833.56,0.13178,949
0.768603,-1.03987,0,0,0,0,0.791139,72.41,94534.6,1958.32,0.125432,950
0.75504,-0.932696,0,0,0,0,0.791139,78.5221,108205,2067.03,0.120451,951
0.743732,-0.831229,0,0,0,0,0.791139,83.9878,121047,2161.87,0.116466,952
0.734263,-0.734263,0,0,0,0,0.791139,88.8425,132931,2244.39,0.113239,953
0.726343,-0.640891,0,0,0,0,0.791139,93.1117,143748,2315.73,0.110613,954
0.719753,-0.550399,0,0,0,0,0.791139,96.8152,153403,2376.73,0.108477,955
0.714338,-0.462219,0,0,0,0,0.791139,99.9673,161817,2428.05,0.106753,956
0.709975,-0.375869,0,0,0,0,0.791139,102.58,168925,2470.16,0.105385,957
0.706579,-0.290944,0,0,0,0,0.791139,104.66,174675,2503.45,0.104332,958
0.704084,-0.207083,0,0,0,0,0.791139,106.216,179023,2528.19,0.103565,959
0.702446,-0.123961,0,0,0,0,0.791139,107.25,181938,2544.58,0.103064,960
0.701632,-0.0412725,0,0,0,0,0.791139,107.767,183401,2552.75,0.102817,961
0.701632,0.0412725,0,0,0,0,0.791139,107.767,183401,2552.75,0.102817,962
0.702446,0.123961,0,0,0,0,0.791139,107.25,181938,2544.58,0.103064,963
0.704084,0.207083,0,0,0,0,0.791139,106.216,179023,2528.19,0.103565,964
0.706579,0.290944,0,0,0,0,0.791139,104.66,174675,2503.45,0.104332,965
0.709975,0.375869,0,0,0,0,0.791139,102.58,168925,2470.16,0.105385,966
0.714338,0.462219,0,0,0,0,0.791139,99.9673,161817,2428.05,0.106753,967
0.719753,0.550399,0,0,0,0,0.791139,96.8152,153403,2376.73,0.108477,968
0.726343,0.640891,0,0,0,0,0.791139,93.1117,143748,2315.73,0.110613,969
0.734263,0.734263,0,0,0,0,0.791139,88.8425,132931,2244.39,0.113239,970
0.743732,0.831229,0,0,0,0,0.791139,83.9878,121047,2161.87,0.116466,971
0.75504,0.932696,0,0,0,0,0.791139,78.5221,108205,2067.03,0.120451,972
0.768603,1.03987,0,0,0,0,0.791139,72.41,94534.6,1958.32,0.125432,973
0.785027,1.15445,0,0,0,0,0.791139,65.6015,80189.4,1833.56,0.13178,974
0.805247,1.27892,0,0,0,0,0.791139,58.0234,65353,1689.48,0.140122,975
0.830815,1.41727,0,0,0,0,0.791139,49.5597,50250.7,1520.91,0.151615,976
0.86462,1.57666,0,0,0,0,0.791139,40.0085,35170.7,1318.62,0.168745,977
0.913193,1.77267,0,0,0,0,0.791139,28.9501,20512.1,1062.8,0.198373,978
0.999203,2.05718,0,0,0,0,0.791139,15.1079,6938.5,688.896,0.274604,979
1.24059,-2.28529,0,0,0,0,0.791139,4.63393,967.927,313.317,0.49583,980
1.06318,-1.84658,0,0,0,0,0.791139,22.0472,13027.1,886.313,0.227317,981
0.994442,-1.62251,0,0,0,0,0.791139,33.9334,26728.4,1181.51,0.183229,982
0.950111,-1.45017,0,0,0,0,0.791139,43.9019,41058.1,1402.84,0.161089,983
0.91775,-1.30417,0,0,0,0,0.791139,52.6244,55535.7,1582.98,0.147134,984
0.892682,-1.17458,0,0,0,0,0.791139,60.3804,69837.3,1734.93,0.13736,985
0.872594,-1.0563,0,0,0,0,0.791139,67.3189,83718.5,1865.42,0.130089,986
0.856162,-0.946284,0,0,0,0,0.791139,73.5298,96983.7,1978.46,0.124473,987
0.842558,-0.842558,0,0,0,0,0.791139,79.0724,109472,2076.67,0.120032,988
0.831229,-0.743732,0,0,0,0,0.791139,83.9878,121047,2161.87,0.116466,989
0.821789,-0.648781,0,0,0,0,0.791139,88.3059,131596,2235.35,0.113583,990
0.813963,-0.556922,0,0,0,0,0.791139,92.0482,141022,2298.06,0.11125,991
0.807545,-0.467526,0,0,0,0,0.791139,95.2315,149243,2350.74,0.109375,992
0.802386,-0.380078,0,0,0,0,0.791139,97.8681,156193,2393.93,0.107891,993
0.798378,-0.294139,0,0,0,0,0.791139,99.9673,161817,2428.05,0.106753,994
0.795434,-0.209325,0,0,0,0,0.791139,101.536,166072,2453.38,0.105925,995
0.793502,-0.12529,0,0,0,0,0.791139,102.58,168925,2470.16,0.105385,996
0.792546,-0.041713,0,0,0,0,0.791139,103.1,170357,2478.52,0.105118,997
0.792546,0.041713,0,0,0,0,0.791139,103.1,170357,2478.52,0.105118,998
0.793502,0.12529,0,0,0,0,0.791139,102.58,168925,2470.16,0.105385,999
0.795434,0.209325,0,0,0,0,0.791139,101.536,166072,2453.38,0.105925,1000
0.798378,0.294139,0,0,0,0,0.791139,99.9673,161817,2428.05,0.106753,1001
0.802386,0.380078,0,0,0,0,0.791139,97.8681,156193,2393.93,0.107891,1002
0.807545,0.467526,0,0,0,0,0.791139,95.2315,149243,2350.74,0.109375,1003
0.813963,0.556922,0,0,0,0,0.791139,92.0482,141022,2298.06,0.11125,1004
0.821789,0.648781,0,0,0,0,0.791139,88.3059,131596,2235.35,0.113583,1005
0.831229,0.743732,0,0,0,0,0.791139,83.9878,121047,2161.87,0.116466,1006
0.842558,0.842558,0,0,0,0,0.791139,79.0724,109472,2076.67,0.120032,1007
0.856162,0.946284,0,0,0,0,0.791139,73.5298,96983.7,1978.46,0.124473,1008
0.872594,1.0563,0,0,0,0,0.791139,67.3189,83718.5,1865.42,0.130089,1009
0.892682,1.17458,0,0,0,0,0.791139,60.3804,69837.3,1734.93,0.13736,1010
0.91775,1.30417,0,0,0,0,0.791139,52.6244,55535.7,1582.98,0.147134,1011
0.950111,1.45017,0,0,0,0,0.791139,43.9019,41058.1,1402.84,0.161089,1012
0.994442,1.62251,0,0,0,0,0.791139,33.9334,26728.4,1181.51,0.183229,1013
1.06318,1.84658,0,0,0,0,0.791139,22.0472,13027.1,886.313,0.227317,1014
1.24059,2.28529,0,0,0,0,0.791139,4.63393,967.927,313.317,0.49583,1015
1.25401,-1.97059,0,0,0,0,0.791139,13.1654,5516.32,628.503,0.294165,1016
1.14224,-1.68617,0,0,0,0,0.791139,26.7228,17950,1007.56,0.206475,1017
1.08116,-1.49304,0,0,0,0,0.791139,37.3474,31358.9,1259.48,0.174654,1018
1.03913,-1.33602,0,0,0,0,0.791139,46.4409,45091.5,1456.42,0.156624,1019
1.00756,-1.19948,0,0,0,0,0.791139,54.4397,58765.2,1619.18,0.14466,1020
0.982749,-1.07634,0,0,0,0,0.791139,61.5501,72106.5,1757.27,0.136048,1021
0.962715,-0.962715,0,0,0,0,0.791139,67.889,84903.5,1875.93,0.129541,1022
0.946284,-0.856162,0,0,0,0,0.791139,73.5298,96983.7,1978.46,0.124473,1023
0.932696,-0.75504,0,0,0,0,0.791139,78.5221,108205,2067.03,0.120451,1024
0.921434,-0.658167,0,0,0,0,0.791139,82.901,118448,2143.18,0.117227,1025
0.912134,-0.564655,0,0,0,0,0.791139,86.6919,127612,2208.02,0.114635,1026
0.904533,-0.473803,0,0,0,0,0.791139,89.9137,135614,2262.4,0.112563,1027
0.89844,-0.385046,0,0,0,0,0.791139,92.5803,142383,2306.91,0.11093,1028
0.893713,-0.297904,0,0,0,0,0.791139,94.7024,147864,2342.03,0.10968,1029
0.890246,-0.211963,0,0,0,0,0.791139,96.2879,152013,2368.1,0.108773,1030
0.887974,-0.126853,0,0,0,0,0.791139,97.3419,154796,2385.35,0.108183,1031
0.886848,-0.0422309,0,0,0,0,0.791139,97.8681,156193,2393.93,0.107891,1032
0.886848,0.0422309,0,0,0,0,0.791139,97.8681,156193,2393.93,0.107891,1033
0.887974,0.126853,0,0,0,0,0.791139,97.3419,154796,2385.35,0.108183,1034
0.890246,0.211963,0,0,0,0,0.791139,96.2879,152013,2368.1,0.108773,1035
0.893713,0.297904,0,0,0,0,0.791139,94.7024,147864,2342.03,0.10968,1036
0.89844,0.385046,0,0,0,0,0.791139,92.5803,142383,2306.91,0.11093,1037
0.904533,0.473803,0,0,0,0,0.791139,89.9137,135614,2262.4,0.112563,1038
0.912134,0.564655,0,0,0,0,0.791139,86.6919,127612,2208.02,0.114635,1039
0.921434,0.658167,0,0,0,0,0.791139,82.901,118448,2143.18,0.117227,1040
0.932696,0.75504,0,0,0,0,0.791139,78.5221,108205,2067.03,0.120451,1041
0.946284,0.856162,0,0,0,0,0.791139,73.5298,96983.7,1978.46,0.124473,1042
0.962715,0.962715,0,0,0,0,0.791139,67.889,84903.5,1875.93,0.129541,1043
0.982749,1.07634,0,0,0,0,0.791139,61.5501,72106.5,1757.27,0.136048,1044
1.00756,1.19948,0,0,0,0,0.791139,54.4397,58765.2,1619.18,0.14466,1045
1.03913,1.33602,0,0,0,0,0.791139,46.4409,45091.5,1456.42,0.156624,1046
1.08116,1.49304,0,0,0,0,0.791139,37.3474,31358.9,1259.48,0.174654,1047
1.14224,1.68617,0,0,0,0,0.791139,26.7228,17950,1007.56,0.206475,1048
1.25401,1.97059,0,0,0,0,0.791139,13.1654,5516.32,628.503,0.294165,1049
1.32436,-1.785,0,0,0,0,0.791139,17.8375,9151.35,769.558,0.25272,1050
1.23061,-1.55164,0,0,0,0,0.791139,29.6791,21380.2,1080.57,0.195922,1051
1.17326,-1.37731,0,0,0,0,0.791139,39.3487,34209.3,1304.08,0.170154,1052
1.13235,-1.23081,0,0,0,0,0.791139,47.6955,47139.9,1482.53,0.15455,1053
1.1011,-1.1011,0,0,0,0,0.791139,55.0413,59851.5,1631.09,0.143868,1054
1.07634,-0.982749,0,0,0,0,0.791139,61.5501,72106.5,1757.27,0.136048,1055
1.0563,-0.872594,0,0,0,0,0.791139,67.3189,83718.5,1865.42,0.130089,1056
1.03987,-0.768603,0,0,0,0,0.791139,72.41,94534.6,1958.32,0.125432,1057
1.02636,-0.669365,0,0,0,0,0.791139,76.8662,104429,2037.86,0.121742,1058
1.01526,-0.573842,0,0,0,0,0.791139,80.7181,113295,2105.39,0.118802,1059
1.00622,-0.481238,0,0,0,0,0.791139,83.9878,121047,2161.87,0.116466,1060
0.999004,-0.390915,0,0,0,0,0.791139,86.6919,127612,2208.02,0.114635,1061
0.993415,-0.302344,0,0,0,0,0.791139,88.8425,132931,2244.39,0.113239,1062
0.989325,-0.215071,0,0,0,0,0.791139,90.4483,136960,2271.36,0.11223,1063
0.986648,-0.128693,0,0,0,0,0.791139,91.5156,139664,2289.19,0.111573,1064
0.985323,-0.0428401,0,0,0,0,0.791139,92.0482,141022,2298.06,0.11125,1065
0.985323,0.0428401,0,0,0,0,0.791139,92.0482,141022,2298.06,0.11125,1066
0.986648,0.128693,0,0,0,0,0.791139,91.5156,139664,2289.19,0.111573,1067
0.989325,0.215071,0,0,0,0,0.791139,90.4483,136960,2271.36,0.11223,1068
0.993415,0.302344,0,0,0,0,0.791139,88.8425,132931,2244.39,0.113239,1069
0.999004,0.390915,0,0,0,0,0.791139,86.6919,127612,2208.02,0.114635,1070
1.00622,0.481238,0,0,0,0,0.791139,83.9878,121047,2161.87,0.116466,1071
1.01526,0.573842,0,0,0,0,0.791139,80.7181,113295,2105.39,0.118802,1072
1.02636,0.669365,0,0,0,0,0.791139,76.8662,104429,2037.86,0.121742,1073
1.03987,0.768603,0,0,0,0,0.791139,72.41,94534.6,1958.32,0.125432,1074
1.0563,0.872594,0,0,0,0,0.791139,67.3189,83718.5,1865.42,0.130089,1075
1.07634,0.982749,0,0,0,0,0.791139,61.5501,72106.5,1757.27,0.136048,1076
1.1011,1.1011,0,0,0,0,0.791139,55.0413,59851.5,1631.09,0.143868,1077
1.13235,1.23081,0,0,0,0,0.791139,47.6955,47139.9,1482.53,0.15455,1078
1.17326,1.37731,0,0,0,0,0.791139,39.3487,34209.3,1304.08,0.170154,1079
1.23061,1.55164,0,0,0,0,0.791139,29.6791,21380.2,1080.57,0.195922,1080
1.32436,1.785,0,0,0,0,0.791139,17.8375,9151.35,769.558,0.25272,1081
1.63235,-2.02412,0,0,0,0,0.791139,4.63393,967.927,313.317,0.49583,1082
1.41407,-1.64032,0,0,0,0,0.791139,20.4049,11450.4,841.734,0.236287,1083
1.32742,-1.43361,0,0,0,0,0.791139,31.1187,23136.4,1115.23,0.191336,1084
1.2715,-1.2715,0,0,0,0,0.791139,40.0085,35170.7,1318.62,0.168745,1085
1.23081,-1.13235,0,0,0,0,0.791139,47.6955,47139.9,1482.53,0.15455,1086
1.19948,-1.00756,0,0,0,0,0.791139,54.4397,58765.2,1619.18,0.14466,1087
1.17458,-0.892682,0,0,0,0,0.791139,60.3804,69837.3,1734.93,0.13736,1088
1.15445,-0.785027,0,0,0,0,0.791139,65.6015,80189.4,1833.56,0.13178,1089
1.13805,-0.682828,0,0,0,0,0.791139,70.1579,89685.4,1917.5,0.127429,1090
1.12467,-0.584828,0,0,0,0,0.791139,74.0881,98214.3,1988.46,0.124003,1091
1.11384,-0.49009,0,0,0,0,0.791139,77.4191,105683,2047.62,0.121306,1092
1.10522,-0.39788,0,0,0,0,0.791139,80.1704,112017,2095.85,0.119207,1093
1.09857,-0.307601,0,0,0,0,0.791139,82.3565,117154,2133.78,0.117614,1094
1.09372,-0.218745,0,0,0,0,0.791139,83.9878,121047,2161.87,0.116466,1095
1.09055,-0.130866,0,0,0,0,0.791139,85.0717,123662,2180.43,0.115722,1096
1.08898,-0.0435591,0,0,0,0,0.791139,85.6125,124975,2189.66,0.115356,1097
1.08898,0.0435591,0,0,0,0,0.791139,85.6125,124975,2189.66,0.115356,1098
1.09055,0.130866,0,0,0,0,0.791139,85.0717,123662,2180.43,0.115722,1099
1.09372,0.218745,0,0,0,0,0.791139,83.9878,121047,2161.87,0.116466,1100
1.09857,0.307601,0,0,0,0,0.791139,82.3565,117154,2133.78,0.117614,1101
1.10522,0.39788,0,0,0,0,0.791139,80.1704,112017,2095.85,0.119207,1102
1.11384,0.49009,0,0,0,0,0.791139,77.4191,105683,2047.62,0.121306,1103
1.12467,0.584828,0,0,0,0,0.791139,74.0881,98214.3,1988.46,0.124003,1104
1.13805,0.682828,0,0,0,0,0.791139,70.1579,89685.4,1917.5,0.127429,1105
1.15445,0.785027,0,0,0,0,0.791139,65.6015,80189.4,1833.56,0.13178,1106
1.17458,0.892682,0,0,0,0,0.791139,60.3804,69837.3,1734.93,0.13736,1107
1.19948,1.00756,0,0,0,0,0.791139,54.4397,58765.2,1619.18,0.14466,1108
1.23081,1.13235,0,0,0,0,0.791139,47.6955,47139.9,1482.53,0.15455,1109
1.2715,1.2715,0,0,0,0,0.791139,40.0085,35170.7,1318.62,0.168745,1110
1.32742,1.43361,0,0,0,0,0.791139,31.1187,23136.4,1115.23,0.191336,1111
1.41407,1.64032,0,0,0,0,0.791139,20.4049,11450.4,841.734,0.236287,1112
1.63235,2.02412,0,0,0,0,0.791139,4.63393,967.927,313.317,0.49583,1113
1.7014,-1.82743,0,0,0,0,0.791139,7.5512,2184.17,433.873,0.388418,1114
1.51885,-1.51885,0,0,0,0,0.791139,21.2321,12234.4,864.331,0.231639,1115
1.43361,-1.32742,0,0,0,0,0.791139,31.1187,23136.4,1115.23,0.191336,1116
1.37731,-1.17326,0,0,0,0,0.791139,39.3487,34209.3,1304.08,0.170154,1117
1.33602,-1.03913,0,0,0,0,0.791139,46.4409,45091.5,1456.42,0.156624,1118
1.30417,-0.91775,0,0,0,0,0.791139,52.6244,55535.7,1582.98,0.147134,1119
1.27892,-0.805247,0,0,0,0,0.791139,58.0234,65353,1689.48,0.140122,1120
1.25863,-0.699238,0,0,0,0,0.791139,62.7143,74393.9,1779.35,0.13478,1121
1.24225,-0.59812,0,0,0,0,0.791139,66.7475,82537.7,1854.85,0.130644,1122
1.22909,-0.500741,0,0,0,0,0.791139,70.1579,89685.4,1917.5,0.127429,1123
1.21868,-0.406225,0,0,0,0,0.791139,72.9704,95757.3,1968.41,0.124949,1124
1.21068,-0.313879,0,0,0,0,0.791139,75.2022,100688,2008.35,0.123081,1125
1.20486,-0.223122,0,0,0,0,0.791139,76.8662,104429,2037.86,0.121742,1126
1.20106,-0.133451,0,0,0,0,0.791139,77.971,106942,2057.34,0.120876,1127
1.19918,-0.0444141,0,0,0,0,0.791139,78.5221,108205,2067.03,0.120451,1128
1.19918,0.0444141,0,0,0,0,0.791139,78.5221,108205,2067.03,0.120451,1129
1.20106,0.133451,0,0,0,0,0.791139,77.971,106942,2057.34,0.120876,1130
1.20486,0.223122,0,0,0,0,0.791139,76.8662,104429,2037.86,0.121742,1131
1.21068,0.313879,0,0,0,0,0.791139,75.2022,100688,2008.35,0.123081,1132
1.21868,0.406225,0,0,0,0,0.791139,72.9704,95757.3,1968.41,0.124949,1133
1.22909,0.500741,0,0,0,0,0.791139,70.1579,89685.4,1917.5,0.127429,1134
1.24225,0.59812,0,0,0,0,0.791139,66.7475,82537.7,1854.85,0.130644,1135
1.25863,0.699238,0,0,0,0,0.791139,62.7143,74393.9,1779.35,0.13478,1136
1.27892,0.805247,0,0,0,0,0.791139,58.0234,65353,1689.48,0.140122,1137
1.30417,0.91775,0,0,0,0,0.791139,52.6244,55535.7,1582.98,0.147134,1138
1.33602,1.03913,0,0,0,0,0.791139,46.4409,45091.5,1456.42,0.156624,1139
1.37731,1.17326,0,0,0,0,0.791139,39.3487,34209.3,1304.08,0.170154,1140
1.43361,1.32742,0,0,0,0,0.791139,31.1187,23136.4,1115.23,0.191336,1141
1.51885,1.51885,0,0,0,0,0.791139,21.2321,12234.4,864.331,0.231639,1142
1.7014,1.82743,0,0,0,0,0.791139,7.5512,2184.17,433.873,0.388418,1143
1.82743,-1.7014,0,0,0,0,0.791139,7.5512,2184.17,433.873,0.388418,1144
1.64032,-1.41407,0,0,0,0,0.791139,20.4049,11450.4,841.734,0.236287,1145
1.55164,-1.23061,0,0,0,0,0.791139,29.6791,21380.2,1080.57,0.195922,1146
1.49304,-1.08116,0,0,0,0,0.791139,37.3474,31358.9,1259.48,0.174654,1147
1.45017,-0.950111,0,0,0,0,0.791139,43.9019,41058.1,1402.84,0.161089,1148
1.41727,-0.830815,0,0,0,0,0.791139,49.5597,50250.7,1520.91,0.151615,1149
1.3914,-0.719688,0,0,0,0,0.791139,54.4397,58765.2,1619.18,0.14466,1150
1.37083,-0.614508,0,0,0,0,0.791139,58.6148,66466.9,1700.94,0.139413,1151
1.35448,-0.513769,0,0,0,0,0.791139,62.1328,73247.9,1768.34,0.135409,1152
1.34165,-0.416375,0,0,0,0,0.791139,65.0265,79021.4,1822.83,0.132362,1153
1.33185,-0.321482,0,0,0,0,0.791139,67.3189,83718.5,1865.42,0.130089,1154
1.32475,-0.228406,0,0,0,0,0.791139,69.0258,87286.2,1896.82,0.12847,1155
1.32014,-0.136566,0,0,0,0,0.791139,70.1579,89685.4,1917.5,0.127429,1156
1.31785,-0.0454433,0,0,0,0,0.791139,70.7226,90891.7,1927.78,0.12692,1157
1.31785,0.0454433,0,0,0,0,0.791139,70.7226,90891.7,1927.78,0.12692,1158
1.32014,0.136566,0,0,0,0,0.791139,70.1579,89685.4,1917.5,0.127429,1159
1.32475,0.228406,0,0,0,0,0.791139,69.0258,87286.2,1896.82,0.12847,1160
1.33185,0.321482,0,0,0,0,0.791139,67.3189,83718.5,1865.42,0.130089,1161
1.34165,0.416375,0,0,0,0,0.791139,65.0265,79021.4,1822.83,0.132362,1162
1.35448,0.513769,0,0,0,0,0.791139,62.1328,73247.9,1768.34,0.135409,1163
1.37083,0.614508,0,0,0,0,0.791139,58.6148,66466.9,1700.94,0.139413,1164
1.3914,0.719688,0,0,0,0,0.791139,54.4397,58765.2,1619.18,0.14466,1165
1.41727,0.830815,0,0,0,0,0.791139,49.5597,50250.7,1520.91,0.151615,1166
1.45017,0.950111,0,0,0,0,0.791139,43.9019,41058.1,1402.84,0.161089,1167
1.49304,1.08116,0,0,0,0,0.791139,37.3474,31358.9,1259.48,0.174654,1168
1.55164,1.23061,0,0,0,0,0.791139,29.6791,21380.2,1080.57,0.195922,1169
1.64032,1.41407,0,0,0,0,0.791139,20.4049,11450.4,841.734,0.236287,1170
1.82743,1.7014,0,0,0,0,0.791139,7.5512,2184.17,433.873,0.388418,1171
2.02412,-1.63235,0,0,0,0,0.791139,4.63393,967.927,313.317,0.49583,1172
1.785,-1.32436,0,0,0,0,0.791139,17.8375,9151.35,769.558,0.25272,1173
1.68617,-1.14224,0,0,0,0,0.791139,26.7228,17950,1007.56,0.206475,1174
1.62251,-0.994442,0,0,0,0,0.791139,33.9334,26728.4,1181.51,0.183229,1175
1.57666,-0.86462,0,0,0,0,0.791139,40.0085,35170.7,1318.62,0.168745,1176
1.54194,-0.746099,0,0,0,0,0.791139,45.1766,43064.2,1429.86,0.1588,1177
1.51502,-0.635329,0,0,0,0,0.791139,49.5597,50250.7,1520.91,0.151615,1178
1.494,-0.530128,0,0,0,0,0.791139,53.2313,56607.3,1595.13,0.146293,1179
1.4777,-0.42901,0,0,0,0,0.791139,56.2391,62038,1654.67,0.142327,1180
1.46537,-0.330889,0,0,0,0,0.791139,58.6148,66466.9,1700.94,0.139413,1181
1.45648,-0.234916,0,0,0,0,0.791139,60.3804,69837.3,1734.93,0.13736,1182
1.45073,-0.140393,0,0,0,0,0.791139,61.5501,72106.5,1757.27,0.136048,1183
1.44789,-0.0467063,0,0,0,0,0.791139,62.1328,73247.9,1768.34,0.135409,1184
1.44789,0.0467063,0,0,0,0,0.791139,62.1328,73247.9,1768.34,0.135409,1185
1.45073,0.140393,0,0,0,0,0.791139,61.5501,72106.5,1757.27,0.136048,1186
1.45648,0.234916,0,0,0,0,0.791139,60.3804,69837.3,1734.93,0.13736,1187
1.46537,0.330889,0,0,0,0,0.791139,58.6148,66466.9,1700.94,0.139413,1188
1.4777,0.42901,0,0,0,0,0.791139,56.2391,62038,1654.67,0.142327,1189
1.494,0.530128,0,0,0,0,0.791139,53.2313,56607.3,1595.13,0.146293,1190
1.51502,0.635329,0,0,0,0,0.791139,49.5597,50250.7,1520.91,0.151615,1191
1.54194,0.746099,0,0,0,0,0.791139,45.1766,43064.2,1429.86,0.1588,1192
1.57666,0.86462,0,0,0,0,0.791139,40.0085,35170.7,1318.62,0.168745,1193
1.62251,0.994442,0,0,0,0,0.791139,33.9334,26728.4,1181.51,0.183229,1194
1.68617,1.14224,0,0,0,0,0.791139,26.7228,17950,1007.56,0.206475,1195
1.785,1.32436,0,0,0,0,0.791139,17.8375,9151.35,769.558,0.25272,1196
2.02412,1.63235,0,0,0,0,0.791139,4.63393,967.927,313.317,0.49583,1197
1.97059,-1.25401,0,0,0,0,0.791139,13.1654,5516.32,628.503,0.294165,1198
1.84658,-1.06318,0,0,0,0,0.791139,22.0472,13027.1,886.313,0.227317,1199
1.77267,-0.913193,0,0,0,0,0.791139,28.9501,20512.1,1062.8,0.198373,1200
1.7213,-0.782407,0,0,0,0,0.791139,34.6249,27642.4,1197.51,0.18139,1201
1.68338,-0.663149,0,0,0,0,0.791139,39.3487,34209.3,1304.08,0.170154,1202
1.65469,-0.551564,0,0,0,0,0.791139,43.2604,40063.1,1389.14,0.162279,1203
1.63292,-0.445341,0,0,0,0,0.791139,46.4409,45091.5,1456.42,0.156624,1204
1.61667,-0.34293,0,0,0,0,0.791139,48.9406,49208.8,1508.22,0.152571,1205
1.6051,-0.243196,0,0,0,0,0.791139,50.7917,52349.7,1546.01,0.149765,1206
1.59764,-0.14524,0,0,0,0,0.791139,52.0154,54468.7,1570.75,0.147993,1207
1.59399,-0.0483026,0,0,0,0,0.791139,52.6244,55535.7,1582.98,0.147134,1208
1.59399,0.0483026,0,0,0,0,0.791139,52.6244,55535.7,1582.98,0.147134,1209
1.59764,0.14524,0,0,0,0,0.791139,52.0154,54468.7,1570.75,0.147993,1210
1.6051,0.243196,0,0,0,0,0.791139,50.7917,52349.7,1546.01,0.149765,1211
1.61667,0.34293,0,0,0,0,0.791139,48.9406,49208.8,1508.22,0.152571,1212
1.63292,0.445341,0,0,0,0,0.791139,46.4409,45091.5,1456.42,0.156624,1213
1.65469,0.551564,0,0,0,0,0.791139,43.2604,40063.1,1389.14,0.162279,1214
1.68338,0.663149,0,0,0,0,0.791139,39.3487,34209.3,1304.08,0.170154,1215
1.7213,0.782407,0,0,0,0,0.791139,34.6249,27642.4,1197.51,0.18139,1216
1.77267,0.913193,0,0,0,0,0.791139,28.9501,20512.1,1062.8,0.198373,1217
1.84658,1.06318,0,0,0,0,0.791139,22.0472,13027.1,886.313,0.227317,1218
1.97059,1.25401,0,0,0,0,0.791139,13.1654,5516.32,628.503,0.294165,1219
2.28529,-1.24059,0,0,0,0,0.791139,4.63393,967.927,313.317,0.49583,1220
2.05718,-0.999203,0,0,0,0,0.791139,15.1079,6938.5,688.896,0.274604,1221
1.9585,-0.839355,0,0,0,0,0.791139,22.0472,13027.1,886.313,0.227317,1222
1.89562,-0.704088,0,0,0,0,0.791139,27.4725,18797.1,1026.32,0.203638,1223
1.85151,-0.581903,0,0,0,0,0.791139,31.8302,24024.8,1132.17,0.189186,1224
1.81951,-0.467873,0,0,0,0,0.791139,35.3118,28562.3,1213.29,0.179617,1225
1.79632,-0.359264,0,0,0,0,0.791139,38.0181,32303,1274.51,0.173106,1226
1.7801,-0.2543,0,0,0,0,0.791139,40.0085,35170.7,1318.62,0.168745,1227
1.76978,-0.151696,0,0,0,0,0.791139,41.3185,37110.8,1347.25,0.166049,1228
1.76476,-0.0504217,0,0,0,0,0.791139,41.9689,38089.6,1361.35,0.164757,1229
1.76476,0.0504217,0,0,0,0,0.791139,41.9689,38089.6,1361.35,0.164757,1230
1.76978,0.151696,0,0,0,0,0.791139,41.3185,37110.8,1347.25,0.166049,1231
1.7801,0.2543,0,0,0,0,0.791139,40.0085,35170.7,1318.62,0.168745,1232
1.79632,0.359264,0,0,0,0,0.791139,38.0181,32303,1274.51,0.173106,1233
1.81951,0.467873,0,0,0,0,0.791139,35.3118,28562.3,1213.29,0.179617,1234
1.85151,0.581903,0,0,0,0,0.791139,31.8302,24024.8,1132.17,0.189186,1235
1.89562,0.704088,0,0,0,0,0.791139,27.4725,18797.1,1026.32,0.203638,1236
1.9585,0.839355,0,0,0,0,0.791139,22.0472,13027.1,886.313,0.227317,1237
2.05718,0.999203,0,0,0,0,0.791139,15.1079,6938.5,688.896,0.274604,1238
2.28529,1.24059,0,0,0,0,0.791139,4.63393,967.927,313.317,0.49583,1239
2.48652,-1.00805,0,0,0,0,0.791139,2.71859,397.955,219.574,0.647345,1240
2.22896,-0.783148,0,0,0,0,0.791139,12.1456,4822.7,595.612,0.306266,1241
2.13049,-0.633388,0,0,0,0,0.791139,17.8375,9151.35,769.558,0.25272,1242
2.07041,-0.503613,0,0,0,0,0.791139,22.0472,13027.1,886.313,0.227317,1243
2.0305,-0.384148,0,0,0,0,0.791139,25.2005,16278.3,968.927,0.21262,1244
2.00394,-0.270803,0,0,0,0,0.791139,27.4725,18797.1,1026.32,0.203638,1245
1.98754,-0.161152,0,0,0,0,0.791139,28.9501,20512.1,1062.8,0.198373,1246
1.97968,-0.0535048,0,0,0,0,0.791139,29.6791,21380.2,1080.57,0.195922,1247
1.97968,0.0535048,0,0,0,0,0.791139,29.6791,21380.2,1080.57,0.195922,1248
1.98754,0.161152,0,0,0,0,0.791139,28.9501,20512.1,1062.8,0.198373,1249
2.00394,0.270803,0,0,0,0,0.791139,27.4725,18797.1,1026.32,0.203638,1250
2.0305,0.384148,0,0,0,0,0.791139,25.2005,16278.3,968.927,0.21262,1251
2.07041,0.503613,0,0,0,0,0.791139,22.0472,13027.1,886.313,0.227317,1252
2.13049,0.633388,0,0,0,0,0.791139,17.8375,9151.35,769.558,0.25272,1253
2.22896,0.783148,0,0,0,0,0.791139,12.1456,4822.7,595.612,0.306266,1254
2.48652,1.00805,0,0,0,0,0.791139,2.71859,397.955,219.574,0.647345,1255
2.45758,-0.441104,0,0,0,0,0.791139,7.5512,2184.17,433.873,0.388418,1256
2.37196,-0.304097,0,0,0,0,0.791139,11.0853,4141.66,560.424,0.320578,1257
2.32888,-0.179145,0,0,0,0,0.791139,13.1654,5516.32,628.503,0.294165,1258
2.30991,-0.0592286,0,0,0,0,0.791139,14.1512,6221.81,659.499,0.283734,1259
2.30991,0.0592286,0,0,0,0,0.791139,14.1512,6221.81,659.499,0.283734,1260
2.32888,0.179145,0,0,0,0,0.791139,13.1654,5516.32,628.503,0.294165,1261
2.37196,0.304097,0,0,0,0,0.791139,11.0853,4141.66,560.424,0.320578,1262
2.45758,0.441104,0,0,0,0,0.791139,7.5512,2184.17,433.873,0.388418,1263
