time,pos_x,vel_x,acc_x,mass,dens,pres,ene,sml,id,neighbor,alpha,gradh,shockSensor,ene_floored
1.644292e-01,-8.197894e-01,-2.845183e+00,-6.005101e+00,2.500000e-03,1.053292e-01,7.980145e-02,2.323644e+00,7.085708e-01,0,155,1.000000e+00,1.863335e-03,0.000000e+00,0
1.644292e-01,-8.136327e-01,-2.820258e+00,-5.968883e+00,2.500000e-03,1.077632e-01,8.153994e-02,2.282200e+00,6.925536e-01,1,151,1.000000e+00,1.768717e-03,6.526843e-01,0
1.644292e-01,-8.051497e-01,-2.777163e+00,-5.910610e+00,2.500000e-03,1.112958e-01,8.405680e-02,2.220914e+00,6.705669e-01,2,145,1.000000e+00,1.636302e-03,6.542651e-01,0
1.644292e-01,-7.939079e-01,-2.711415e+00,-5.818558e+00,2.500000e-03,1.163072e-01,8.760973e-02,2.139448e+00,6.416812e-01,3,139,1.000000e+00,1.460883e-03,6.582377e-01,0
1.644292e-01,-7.794929e-01,-2.618247e+00,-5.677228e+00,2.500000e-03,1.232911e-01,9.251412e-02,2.040832e+00,6.053554e-01,4,131,1.000000e+00,1.247461e-03,6.648527e-01,0
1.644292e-01,-7.616650e-01,-2.494295e+00,-5.473341e+00,2.500000e-03,1.327558e-01,9.903994e-02,1.932369e+00,5.622369e-01,5,121,1.000000e+00,1.031110e-03,6.738841e-01,0
1.644292e-01,-7.407021e-01,-2.341879e+00,-5.218358e+00,2.500000e-03,1.448475e-01,1.071033e-01,1.825239e+00,5.153551e-01,6,110,1.000000e+00,8.973952e-04,6.842315e-01,0
1.644292e-01,-7.177983e-01,-2.174570e+00,-4.983027e+00,2.500000e-03,1.588104e-01,1.159397e-01,1.732102e+00,4.700957e-01,7,101,1.000000e+00,9.324576e-04,6.942871e-01,0
1.644292e-01,-6.949414e-01,-2.015351e+00,-4.872642e+00,2.500000e-03,1.732130e-01,1.245250e-01,1.662982e+00,4.310468e-01,8,94,1.000000e+00,1.094192e-03,7.034113e-01,0
1.644292e-01,-6.739840e-01,-1.883007e+00,-4.921287e+00,2.500000e-03,1.870446e-01,1.324815e-01,1.620990e+00,3.991994e-01,9,89,1.000000e+00,1.243263e-03,7.123506e-01,0
1.644292e-01,-6.558452e-01,-1.782621e+00,-5.067918e+00,2.500000e-03,2.000632e-01,1.400400e-01,1.601990e+00,3.732422e-01,10,86,1.000000e+00,1.296792e-03,7.218608e-01,0
1.644292e-01,-6.405515e-01,-1.709163e+00,-5.232192e+00,2.500000e-03,2.123628e-01,1.474822e-01,1.598939e+00,3.516367e-01,11,84,1.000000e+00,1.251539e-03,7.318792e-01,0
1.644292e-01,-6.276603e-01,-1.654404e+00,-5.363070e+00,2.500000e-03,2.240978e-01,1.549527e-01,1.605738e+00,3.332284e-01,12,82,1.000000e+00,1.136551e-03,7.418071e-01,0
1.644292e-01,-6.165812e-01,-1.610554e+00,-5.439368e+00,2.500000e-03,2.354512e-01,1.625327e-01,1.618330e+00,3.171611e-01,13,80,1.000000e+00,9.840554e-04,7.510307e-01,0
1.644292e-01,-6.067290e-01,-1.571215e+00,-5.455968e+00,2.500000e-03,2.466591e-01,1.703286e-01,1.634302e+00,3.027491e-01,14,78,1.000000e+00,8.203783e-04,7.592050e-01,0
1.644292e-01,-5.975821e-01,-1.531348e+00,-5.413150e+00,2.500000e-03,2.580075e-01,1.785034e-01,1.652234e+00,2.894340e-01,15,76,1.000000e+00,6.653735e-04,7.662785e-01,0
1.644292e-01,-5.887091e-01,-1.487172e+00,-5.312457e+00,2.500000e-03,2.697835e-01,1.872533e-01,1.671249e+00,2.768050e-01,16,75,1.000000e+00,5.340162e-04,7.723978e-01,0
1.644292e-01,-5.797911e-01,-1.436286e+00,-5.158313e+00,2.500000e-03,2.821969e-01,1.967496e-01,1.690787e+00,2.646380e-01,17,74,1.000000e+00,4.362081e-04,7.778185e-01,0
1.644292e-01,-5.706399e-01,-1.377887e+00,-4.962169e+00,2.500000e-03,2.953126e-01,2.070810e-01,1.710540e+00,2.528974e-01,18,73,1.000000e+00,3.745954e-04,7.828678e-01,0
1.644292e-01,-5.618604e-01,-1.332569e+00,-5.129653e+00,2.500000e-03,3.080758e-01,2.174338e-01,1.729173e+00,2.424198e-01,19,69,1.000000e+00,3.467928e-04,7.876484e-01,0
1.644292e-01,-5.542337e-01,-1.298759e+00,-5.071981e+00,2.500000e-03,3.192211e-01,2.267232e-01,1.744890e+00,2.339499e-01,20,68,1.000000e+00,3.420026e-04,7.919761e-01,0
1.644292e-01,-5.469904e-01,-1.262404e+00,-5.037515e+00,2.500000e-03,3.298325e-01,2.357852e-01,1.758847e+00,2.264216e-01,21,67,1.000000e+00,3.492952e-04,7.958753e-01,0
1.644292e-01,-5.397565e-01,-1.221090e+00,-5.028507e+00,2.500000e-03,3.404739e-01,2.450814e-01,1.771852e+00,2.193476e-01,22,66,1.000000e+00,3.633869e-04,7.994687e-01,0
1.644292e-01,-5.323541e-01,-1.177514e+00,-4.913177e+00,2.500000e-03,3.514650e-01,2.548877e-01,1.784721e+00,2.124925e-01,23,66,1.000000e+00,3.800131e-04,8.029499e-01,0
1.644292e-01,-5.250013e-01,-1.137121e+00,-4.971173e+00,2.500000e-03,3.625725e-01,2.649850e-01,1.797310e+00,2.059859e-01,24,65,1.000000e+00,3.941560e-04,8.064355e-01,0
1.644292e-01,-5.172666e-01,-1.087870e+00,-5.066907e+00,2.500000e-03,3.745851e-01,2.760818e-01,1.811343e+00,1.993895e-01,25,65,1.000000e+00,4.021198e-04,8.101999e-01,0
1.644292e-01,-5.103546e-01,-1.051961e+00,-5.054101e+00,2.500000e-03,3.857185e-01,2.864973e-01,1.823966e+00,1.936381e-01,26,65,1.000000e+00,4.003893e-04,8.140382e-01,0
1.644292e-01,-5.034677e-01,-1.018610e+00,-5.194941e+00,2.500000e-03,3.972893e-01,2.974261e-01,1.837633e+00,1.880017e-01,27,65,1.000000e+00,3.887570e-04,8.180294e-01,0
1.644292e-01,-4.965801e-01,-9.784977e-01,-5.198236e+00,2.500000e-03,4.094254e-01,3.089814e-01,1.852875e+00,1.824373e-01,28,65,1.000000e+00,3.668530e-04,8.222537e-01,0
1.644292e-01,-4.909699e-01,-9.575386e-01,-5.327179e+00,2.500000e-03,4.197710e-01,3.188972e-01,1.864714e+00,1.779403e-01,29,65,1.000000e+00,3.419121e-04,8.261791e-01,0
1.644292e-01,-4.844505e-01,-9.204561e-01,-5.296074e+00,2.500000e-03,4.323408e-01,3.310230e-01,1.881684e+00,1.727744e-01,30,65,1.000000e+00,3.064204e-04,8.303490e-01,0
1.644292e-01,-4.789375e-01,-9.012369e-01,-5.375860e+00,2.500000e-03,4.434280e-01,3.417926e-01,1.895942e+00,1.684526e-01,31,65,1.000000e+00,2.726423e-04,8.342833e-01,0
1.644292e-01,-4.732234e-01,-8.795620e-01,-5.422727e+00,2.500000e-03,4.553419e-01,3.534505e-01,1.912390e+00,1.640438e-01,32,64,1.000000e+00,2.362387e-04,8.381900e-01,0
1.644292e-01,-4.675819e-01,-8.538927e-01,-5.434682e+00,2.500000e-03,4.674848e-01,3.654348e-01,1.929518e+00,1.597836e-01,33,64,1.000000e+00,2.014686e-04,8.420688e-01,0
1.644292e-01,-4.622948e-01,-8.270748e-01,-5.284194e+00,2.500000e-03,4.791545e-01,3.770624e-01,1.945818e+00,1.558938e-01,34,64,1.000000e+00,1.725120e-04,8.457907e-01,0
1.644292e-01,-4.573320e-01,-8.066787e-01,-5.252635e+00,2.500000e-03,4.903076e-01,3.882894e-01,1.961233e+00,1.523459e-01,35,64,1.000000e+00,1.507579e-04,8.492550e-01,0
1.644292e-01,-4.525537e-01,-7.856564e-01,-5.209417e+00,2.500000e-03,5.011768e-01,3.993504e-01,1.975867e+00,1.490407e-01,36,63,1.000000e+00,1.365114e-04,8.524193e-01,0
1.644292e-01,-4.478495e-01,-7.630481e-01,-5.160053e+00,2.500000e-03,5.119597e-01,4.104519e-01,1.989962e+00,1.459012e-01,37,63,1.000000e+00,1.299204e-04,8.552952e-01,0
1.644292e-01,-4.431724e-01,-7.386607e-01,-5.113011e+00,2.500000e-03,5.227310e-01,4.216776e-01,2.003518e+00,1.428954e-01,38,62,1.000000e+00,1.307833e-04,8.579172e-01,0
1.644292e-01,-4.384780e-01,-7.123108e-01,-5.077339e+00,2.500000e-03,5.335797e-01,4.331267e-01,2.016636e+00,1.399916e-01,39,62,1.000000e+00,1.381306e-04,8.603437e-01,0
1.644292e-01,-4.336443e-01,-6.786362e-01,-4.940920e+00,2.500000e-03,5.447995e-01,4.451174e-01,2.029898e+00,1.371135e-01,40,63,1.000000e+00,1.504051e-04,8.626862e-01,0
1.644292e-01,-4.290882e-01,-6.536737e-01,-4.957951e+00,2.500000e-03,5.554517e-01,4.566344e-01,2.041848e+00,1.344859e-01,41,62,1.000000e+00,1.637452e-04,8.648989e-01,0
1.644292e-01,-4.245108e-01,-6.288312e-01,-5.002280e+00,2.500000e-03,5.662766e-01,4.684568e-01,2.053829e+00,1.319173e-01,42,62,1.000000e+00,1.761330e-04,8.670469e-01,0
1.644292e-01,-4.200038e-01,-6.054279e-01,-5.070896e+00,2.500000e-03,5.771135e-01,4.803939e-01,2.065686e+00,1.294425e-01,43,62,1.000000e+00,1.848596e-04,8.691685e-01,0
1.644292e-01,-4.154930e-01,-5.829724e-01,-5.155923e+00,2.500000e-03,5.881996e-01,4.926897e-01,2.077994e+00,1.270053e-01,44,62,1.000000e+00,1.881478e-04,8.713275e-01,0
1.644292e-01,-4.110995e-01,-5.625510e-01,-5.248110e+00,2.500000e-03,5.992824e-01,5.050490e-01,2.090391e+00,1.246586e-01,45,62,1.000000e+00,1.848654e-04,8.735347e-01,0
1.644292e-01,-4.068227e-01,-5.441776e-01,-5.336595e+00,2.500000e-03,6.103821e-01,5.174807e-01,2.102983e+00,1.223932e-01,46,61,1.000000e+00,1.751112e-04,8.757880e-01,0
1.644292e-01,-4.026269e-01,-5.266814e-01,-5.410719e+00,2.500000e-03,6.215914e-01,5.300823e-01,2.115991e+00,1.201873e-01,47,61,1.000000e+00,1.596589e-04,8.780910e-01,0
1.644292e-01,-3.985551e-01,-5.099594e-01,-5.463942e+00,2.500000e-03,6.327737e-01,5.427002e-01,2.129133e+00,1.180643e-01,48,61,1.000000e+00,1.402287e-04,8.804207e-01,0
1.644292e-01,-3.946012e-01,-4.916511e-01,-5.388046e+00,2.500000e-03,6.439008e-01,5.553067e-01,2.142307e+00,1.160254e-01,49,62,1.000000e+00,1.189110e-04,8.827464e-01,0
1.644292e-01,-3.908222e-01,-4.774139e-01,-5.385675e+00,2.500000e-03,6.547503e-01,5.676570e-01,2.155074e+00,1.141024e-01,50,62,1.000000e+00,9.829730e-05,8.850072e-01,0
1.644292e-01,-3.871306e-01,-4.628738e-01,-5.359175e+00,2.500000e-03,6.655099e-01,5.799733e-01,2.167692e+00,1.122572e-01,51,61,1.000000e+00,8.000735e-05,8.871753e-01,0
1.644292e-01,-3.835266e-01,-4.478709e-01,-5.315438e+00,2.500000e-03,6.761229e-01,5.922015e-01,2.179962e+00,1.104945e-01,52,61,1.000000e+00,6.576042e-05,8.892254e-01,0
1.644292e-01,-3.799722e-01,-4.320302e-01,-5.257742e+00,2.500000e-03,6.866529e-01,6.044251e-01,2.191941e+00,1.087996e-01,53,61,1.000000e+00,5.661031e-05,8.911506e-01,0
1.644292e-01,-3.764266e-01,-4.147121e-01,-5.197148e+00,2.500000e-03,6.971845e-01,6.167528e-01,2.203706e+00,1.071561e-01,54,61,1.000000e+00,5.309043e-05,8.929647e-01,0
1.644292e-01,-3.729131e-01,-3.965936e-01,-5.141152e+00,2.500000e-03,7.076250e-01,6.290830e-01,2.215086e+00,1.055754e-01,55,60,1.000000e+00,5.511450e-05,8.946749e-01,0
1.644292e-01,-3.693632e-01,-3.745616e-01,-5.009665e+00,2.500000e-03,7.181713e-01,6.416529e-01,2.226412e+00,1.040268e-01,56,61,1.000000e+00,6.192886e-05,8.963192e-01,0
1.644292e-01,-3.659175e-01,-3.564081e-01,-4.990125e+00,2.500000e-03,7.284146e-01,6.539706e-01,2.237094e+00,1.025647e-01,57,61,1.000000e+00,7.170340e-05,8.978853e-01,0
1.644292e-01,-3.624699e-01,-3.380159e-01,-4.995435e+00,2.500000e-03,7.386939e-01,6.664326e-01,2.247718e+00,1.011387e-01,58,61,1.000000e+00,8.278750e-05,8.994011e-01,0
1.644292e-01,-3.590484e-01,-3.200462e-01,-5.026745e+00,2.500000e-03,7.489613e-01,6.789693e-01,2.258256e+00,9.975384e-02,59,61,1.000000e+00,9.315228e-05,9.008914e-01,0
1.644292e-01,-3.556700e-01,-3.029656e-01,-5.081157e+00,2.500000e-03,7.592046e-01,6.915500e-01,2.268734e+00,9.840986e-02,60,61,1.000000e+00,1.010000e-04,9.023750e-01,0
1.644292e-01,-3.523165e-01,-2.865011e-01,-5.153028e+00,2.500000e-03,7.695174e-01,7.042737e-01,2.279343e+00,9.709327e-02,61,61,1.000000e+00,1.050323e-04,9.038780e-01,0
1.644292e-01,-3.490193e-01,-2.712017e-01,-5.234907e+00,2.500000e-03,7.798334e-01,7.170446e-01,2.289983e+00,9.581128e-02,62,60,1.000000e+00,1.044291e-04,9.054130e-01,0
1.644292e-01,-3.457779e-01,-2.568668e-01,-5.318302e+00,2.500000e-03,7.901710e-01,7.298741e-01,2.300684e+00,9.456035e-02,63,60,1.000000e+00,9.904834e-05,9.069889e-01,0
1.644292e-01,-3.425904e-01,-2.433462e-01,-5.395067e+00,2.500000e-03,8.005389e-01,7.427660e-01,2.311448e+00,9.333832e-02,64,60,1.000000e+00,8.928286e-05,9.086124e-01,0
1.644292e-01,-3.394635e-01,-2.305102e-01,-5.458618e+00,2.500000e-03,8.109035e-01,7.556761e-01,2.322198e+00,9.214800e-02,65,60,1.000000e+00,7.601137e-05,9.102835e-01,0
1.644292e-01,-3.363914e-01,-2.180241e-01,-5.502616e+00,2.500000e-03,8.212592e-01,7.685988e-01,2.332902e+00,9.098887e-02,66,60,1.000000e+00,6.039511e-05,9.120008e-01,0
1.644292e-01,-3.333725e-01,-2.056972e-01,-5.524301e+00,2.500000e-03,8.315768e-01,7.815026e-01,2.343494e+00,8.986291e-02,67,60,1.000000e+00,4.376197e-05,9.137604e-01,0
1.644292e-01,-3.304074e-01,-1.934326e-01,-5.523018e+00,2.500000e-03,8.418127e-01,7.943394e-01,2.353889e+00,8.877338e-02,68,59,1.000000e+00,2.743553e-05,9.155547e-01,0
1.644292e-01,-3.274784e-01,-1.806354e-01,-5.500168e+00,2.500000e-03,8.519845e-01,8.071392e-01,2.364119e+00,8.771706e-02,69,59,1.000000e+00,1.246625e-05,9.173827e-01,0
1.644292e-01,-3.245960e-01,-1.676890e-01,-5.399799e+00,2.500000e-03,8.620136e-01,8.198102e-01,2.374062e+00,8.670041e-02,70,60,1.000000e+00,-2.415877e-07,9.192367e-01,0
1.644292e-01,-3.217445e-01,-1.549403e-01,-5.344096e+00,2.500000e-03,8.719168e-01,8.323792e-01,2.383764e+00,8.571991e-02,71,60,1.000000e+00,-1.028274e-05,9.211162e-01,0
1.644292e-01,-3.189236e-01,-1.420328e-01,-5.279508e+00,2.500000e-03,8.816636e-01,8.448112e-01,2.393199e+00,8.477706e-02,72,59,1.000000e+00,-1.758011e-05,9.230203e-01,0
1.644292e-01,-3.161230e-01,-1.288794e-01,-5.210788e+00,2.500000e-03,8.912669e-01,8.571234e-01,2.402415e+00,8.386906e-02,73,59,1.000000e+00,-2.246363e-05,9.249542e-01,0
1.644292e-01,-3.133437e-01,-1.157192e-01,-5.142181e+00,2.500000e-03,9.007084e-01,8.692897e-01,2.411410e+00,8.299612e-02,74,59,1.000000e+00,-2.554705e-05,9.269226e-01,0
1.644292e-01,-3.105836e-01,-1.026820e-01,-5.076443e+00,2.500000e-03,9.099885e-01,8.813055e-01,2.420207e+00,8.215671e-02,75,59,1.000000e+00,-2.766396e-05,9.289324e-01,0
1.644292e-01,-3.078456e-01,-8.999598e-02,-5.014530e+00,2.500000e-03,9.190964e-01,8.931485e-01,2.428810e+00,8.135038e-02,76,59,1.000000e+00,-2.973070e-05,9.309897e-01,0
1.644292e-01,-3.051294e-01,-7.778722e-02,-4.955709e+00,2.500000e-03,9.280349e-01,9.048130e-01,2.437235e+00,8.057548e-02,77,59,1.000000e+00,-3.262966e-05,9.331011e-01,0
1.644292e-01,-3.024340e-01,-6.615210e-02,-4.897314e+00,2.500000e-03,9.368097e-01,9.162963e-01,2.445501e+00,7.983021e-02,78,58,1.000000e+00,-3.710381e-05,9.352742e-01,0
1.644292e-01,-2.997635e-01,-5.526328e-02,-4.835456e+00,2.500000e-03,9.454065e-01,9.275703e-01,2.453587e+00,7.911451e-02,79,58,1.000000e+00,-4.366692e-05,9.375136e-01,0
1.644292e-01,-2.971200e-01,-4.518564e-02,-4.765265e+00,2.500000e-03,9.538130e-01,9.386109e-01,2.461479e+00,7.842812e-02,80,58,1.000000e+00,-5.256238e-05,9.398223e-01,0
1.644292e-01,-2.945036e-01,-3.588726e-02,-4.681257e+00,2.500000e-03,9.620166e-01,9.493957e-01,2.469160e+00,7.777082e-02,81,58,1.000000e+00,-6.375617e-05,9.422026e-01,0
1.644292e-01,-2.919156e-01,-2.742722e-02,-4.578550e+00,2.500000e-03,9.699933e-01,9.598898e-01,2.476600e+00,7.714326e-02,82,58,1.000000e+00,-7.694371e-05,9.446541e-01,0
1.644292e-01,-2.893555e-01,-1.977857e-02,-4.452371e+00,2.500000e-03,9.777182e-01,9.700594e-01,2.483773e+00,7.654609e-02,83,57,1.000000e+00,-9.160591e-05,9.471752e-01,0
1.644292e-01,-2.868235e-01,-1.295951e-02,-4.265962e+00,2.500000e-03,9.851588e-01,9.798627e-01,2.490644e+00,7.598055e-02,84,58,1.000000e+00,-1.070607e-04,9.497619e-01,0
1.644292e-01,-2.843172e-01,-6.853243e-03,-4.085647e+00,2.500000e-03,9.922859e-01,9.892641e-01,2.497191e+00,7.544751e-02,85,58,1.000000e+00,-1.225600e-04,9.524099e-01,0
1.644292e-01,-2.818345e-01,-1.409924e-03,-3.877471e+00,2.500000e-03,9.990673e-01,9.982242e-01,2.503389e+00,7.494811e-02,86,58,1.000000e+00,-1.373471e-04,9.551134e-01,0
1.644292e-01,-2.793731e-01,3.414715e-03,-3.643164e+00,2.500000e-03,1.005472e+00,1.006706e+00,2.509218e+00,7.448334e-02,87,58,1.000000e+00,-1.507313e-04,9.578655e-01,0
1.644292e-01,-2.769304e-01,7.649157e-03,-3.385926e+00,2.500000e-03,1.011471e+00,1.014675e+00,2.514661e+00,7.405396e-02,88,57,1.000000e+00,-1.621436e-04,9.606590e-01,0
1.644292e-01,-2.745034e-01,1.132409e-02,-3.109942e+00,2.500000e-03,1.017042e+00,1.022102e+00,2.519705e+00,7.366044e-02,89,57,1.000000e+00,-1.711770e-04,9.634860e-01,0
1.644292e-01,-2.720894e-01,1.444502e-02,-2.820189e+00,2.500000e-03,1.022166e+00,1.028962e+00,2.524342e+00,7.330297e-02,90,57,1.000000e+00,-1.776079e-04,9.663386e-01,0
1.644292e-01,-2.696861e-01,1.700941e-02,-2.501833e+00,2.500000e-03,1.026829e+00,1.035239e+00,2.528566e+00,7.298137e-02,91,58,1.000000e+00,-1.814031e-04,9.692086e-01,0
1.644292e-01,-2.672914e-01,1.897833e-02,-2.201082e+00,2.500000e-03,1.031024e+00,1.040919e+00,2.532376e+00,7.269512e-02,92,58,1.000000e+00,-1.827102e-04,9.720877e-01,0
1.644292e-01,-2.649033e-01,2.039642e-02,-1.902191e+00,2.500000e-03,1.034751e+00,1.045998e+00,2.535773e+00,7.244337e-02,93,57,1.000000e+00,-1.818328e-04,9.749682e-01,0
1.644292e-01,-2.625204e-01,2.125892e-02,-1.609319e+00,2.500000e-03,1.038015e+00,1.050475e+00,2.538760e+00,7.222501e-02,94,57,1.000000e+00,-1.791953e-04,9.778424e-01,0
1.644292e-01,-2.601415e-01,2.160046e-02,-1.325501e+00,2.500000e-03,1.040825e+00,1.054358e+00,2.541345e+00,7.203870e-02,95,57,1.000000e+00,-1.752998e-04,9.807035e-01,0
1.644292e-01,-2.577657e-01,2.143326e-02,-1.052621e+00,2.500000e-03,1.043194e+00,1.057655e+00,2.543534e+00,7.188301e-02,96,57,1.000000e+00,-1.706796e-04,9.835451e-01,0
1.644292e-01,-2.553921e-01,2.081457e-02,-7.913087e-01,2.500000e-03,1.045137e+00,1.060380e+00,2.545337e+00,7.175649e-02,97,57,1.000000e+00,-1.658524e-04,9.863616e-01,0
1.644292e-01,-2.530202e-01,1.981286e-02,-5.330655e-01,2.500000e-03,1.046668e+00,1.062546e+00,2.546762e+00,7.165772e-02,98,58,1.000000e+00,-1.612773e-04,9.891481e-01,0
1.644292e-01,-2.506494e-01,1.848291e-02,-2.927829e-01,2.500000e-03,1.047802e+00,1.064167e+00,2.547819e+00,7.158549e-02,99,58,1.000000e+00,-1.573177e-04,9.918998e-01,0
1.644292e-01,-2.482793e-01,1.692750e-02,-5.951692e-02,2.500000e-03,1.048550e+00,1.065256e+00,2.548512e+00,7.153880e-02,100,58,1.000000e+00,-1.542113e-04,9.946127e-01,0
1.644292e-01,-2.459095e-01,1.523339e-02,1.694981e-01,2.500000e-03,1.048923e+00,1.065821e+00,2.548849e+00,7.151690e-02,101,58,1.000000e+00,-1.520490e-04,9.972823e-01,0
1.644292e-01,-2.435399e-01,1.348478e-02,3.973269e-01,2.500000e-03,1.048924e+00,1.065872e+00,2.548831e+00,7.151933e-02,102,57,1.000000e+00,-1.507637e-04,9.999039e-01,0
1.644292e-01,-2.411703e-01,1.175000e-02,6.257789e-01,2.500000e-03,1.048558e+00,1.065415e+00,2.548462e+00,7.154591e-02,103,57,1.000000e+00,-1.501299e-04,9.975360e-01,0
1.644292e-01,-2.388005e-01,1.008956e-02,8.567356e-01,2.500000e-03,1.047824e+00,1.064452e+00,2.547743e+00,7.159664e-02,104,57,1.000000e+00,-1.497760e-04,9.950521e-01,0
1.644292e-01,-2.364305e-01,8.536088e-03,1.092309e+00,2.500000e-03,1.046723e+00,1.062990e+00,2.546674e+00,7.167165e-02,105,58,1.000000e+00,-1.492100e-04,9.926506e-01,0
1.644292e-01,-2.340601e-01,7.111009e-03,1.328192e+00,2.500000e-03,1.045255e+00,1.061034e+00,2.545259e+00,7.177111e-02,106,58,1.000000e+00,-1.478587e-04,9.903385e-01,0
1.644292e-01,-2.316888e-01,5.820510e-03,1.563968e+00,2.500000e-03,1.043421e+00,1.058592e+00,2.543501e+00,7.189509e-02,107,58,1.000000e+00,-1.451197e-04,9.881236e-01,0
1.644292e-01,-2.293159e-01,4.657740e-03,1.795951e+00,2.500000e-03,1.041227e+00,1.055678e+00,2.541408e+00,7.204346e-02,108,58,1.000000e+00,-1.404221e-04,9.860150e-01,0
1.644292e-01,-2.269404e-01,3.611272e-03,2.019255e+00,2.500000e-03,1.038686e+00,1.052310e+00,2.538991e+00,7.221578e-02,109,58,1.000000e+00,-1.332914e-04,9.840220e-01,0
1.644292e-01,-2.245609e-01,2.674178e-03,2.228124e+00,2.500000e-03,1.035815e+00,1.048515e+00,2.536264e+00,7.241121e-02,110,58,1.000000e+00,-1.234106e-04,9.821545e-01,0
1.644292e-01,-2.221755e-01,1.849851e-03,2.416493e+00,2.500000e-03,1.032637e+00,1.044326e+00,2.533248e+00,7.262850e-02,111,59,1.000000e+00,-1.106728e-04,9.804220e-01,0
1.644292e-01,-2.197817e-01,1.161049e-03,2.578006e+00,2.500000e-03,1.029186e+00,1.039782e+00,2.529966e+00,7.286588e-02,112,59,1.000000e+00,-9.521622e-05,9.788339e-01,0
1.644292e-01,-2.173770e-01,6.541201e-04,2.707401e+00,2.500000e-03,1.025497e+00,1.034929e+00,2.526448e+00,7.312117e-02,113,59,1.000000e+00,-7.743909e-05,9.773986e-01,0
1.644292e-01,-2.149586e-01,4.007652e-04,2.800482e+00,2.500000e-03,1.021615e+00,1.029818e+00,2.522726e+00,7.339177e-02,114,59,1.000000e+00,-5.799010e-05,9.761234e-01,0
1.644292e-01,-2.125239e-01,4.965217e-04,2.854822e+00,2.500000e-03,1.017587e+00,1.024506e+00,2.518839e+00,7.367476e-02,115,59,1.000000e+00,-3.773431e-05,9.750140e-01,0
1.644292e-01,-2.100706e-01,1.056252e-03,2.870216e+00,2.500000e-03,1.013461e+00,1.019049e+00,2.514828e+00,7.396699e-02,116,59,1.000000e+00,-1.769467e-05,9.740745e-01,0
1.644292e-01,-2.075970e-01,2.204623e-03,2.849016e+00,2.500000e-03,1.009286e+00,1.013505e+00,2.510739e+00,7.426526e-02,117,60,1.000000e+00,1.028707e-06,9.733068e-01,0
1.644292e-01,-2.051026e-01,4.063769e-03,2.796253e+00,2.500000e-03,1.005109e+00,1.007928e+00,2.506617e+00,7.456650e-02,118,60,1.000000e+00,1.735851e-05,9.727104e-01,0
1.644292e-01,-2.025875e-01,6.737153e-03,2.719493e+00,2.500000e-03,1.000970e+00,1.002368e+00,2.502509e+00,7.486792e-02,119,60,1.000000e+00,3.035365e-05,9.722826e-01,0
1.644292e-01,-2.000535e-01,1.029252e-02,2.628345e+00,2.500000e-03,9.969017e-01,9.968673e-01,2.498457e+00,7.516731e-02,120,60,1.000000e+00,3.932749e-05,9.720188e-01,0
1.644292e-01,-1.975033e-01,1.474526e-02,2.533609e+00,2.500000e-03,9.929258e-01,9.914578e-01,2.494496e+00,7.546309e-02,121,60,1.000000e+00,4.395808e-05,9.719125e-01,0
1.644292e-01,-1.949407e-01,2.004440e-02,2.446086e+00,2.500000e-03,9.890527e-01,9.861604e-01,2.490648e+00,7.575455e-02,122,60,1.000000e+00,4.437392e-05,9.719561e-01,0
1.644292e-01,-1.923700e-01,2.606575e-02,2.375203e+00,2.500000e-03,9.852814e-01,9.809841e-01,2.486924e+00,7.604179e-02,123,61,1.000000e+00,4.119691e-05,9.721421e-01,0
1.644292e-01,-1.897958e-01,3.261072e-02,2.327657e+00,2.500000e-03,9.816004e-01,9.759281e-01,2.483315e+00,7.632561e-02,124,61,1.000000e+00,3.552608e-05,9.724641e-01,0
1.644292e-01,-1.872223e-01,3.941857e-02,2.306293e+00,2.500000e-03,9.779916e-01,9.709838e-01,2.479799e+00,7.660733e-02,125,61,1.000000e+00,2.885276e-05,9.729174e-01,0
1.644292e-01,-1.846525e-01,4.618414e-02,2.309477e+00,2.500000e-03,9.744346e-01,9.661393e-01,2.476346e+00,7.688841e-02,126,61,1.000000e+00,2.291028e-05,9.735004e-01,0
1.644292e-01,-1.820882e-01,5.258308e-02,2.331025e+00,2.500000e-03,9.709108e-01,9.613839e-01,2.472920e+00,7.717012e-02,127,61,1.000000e+00,1.947593e-05,9.742148e-01,0
1.644292e-01,-1.795291e-01,5.830048e-02,2.360697e+00,2.500000e-03,9.674090e-01,9.567126e-01,2.469490e+00,7.745317e-02,128,61,1.000000e+00,2.015387e-05,9.750655e-01,0
1.644292e-01,-1.769731e-01,6.305892e-02,2.385108e+00,2.500000e-03,9.639286e-01,9.521300e-01,2.466035e+00,7.773738e-02,129,61,1.000000e+00,2.617177e-05,9.760600e-01,0
1.644292e-01,-1.744164e-01,6.664284e-02,2.388892e+00,2.500000e-03,9.604828e-01,9.476532e-01,2.462554e+00,7.802144e-02,130,61,1.000000e+00,3.821797e-05,9.772072e-01,0
1.644292e-01,-1.718537e-01,6.891970e-02,2.355971e+00,2.500000e-03,9.570994e-01,9.433135e-01,2.459067e+00,7.830280e-02,131,61,1.000000e+00,5.633592e-05,9.785154e-01,0
1.644292e-01,-1.692787e-01,6.985485e-02,2.270873e+00,2.500000e-03,9.538221e-01,9.391574e-01,2.455622e+00,7.857756e-02,132,61,1.000000e+00,7.987995e-05,9.799902e-01,0
1.644292e-01,-1.666853e-01,6.952030e-02,2.120084e+00,2.500000e-03,9.507093e-01,9.352457e-01,2.452293e+00,7.884053e-02,133,61,1.000000e+00,1.075276e-04,9.816317e-01,0
1.644292e-01,-1.640676e-01,6.809991e-02,1.893506e+00,2.500000e-03,9.478323e-01,9.316519e-01,2.449176e+00,7.908533e-02,134,61,1.000000e+00,1.373445e-04,9.834323e-01,0
1.644292e-01,-1.614216e-01,6.588156e-02,1.586042e+00,2.500000e-03,9.452719e-01,9.284590e-01,2.446389e+00,7.930470e-02,135,61,1.000000e+00,1.668909e-04,9.853736e-01,0
1.644292e-01,-1.587445e-01,6.324743e-02,1.199179e+00,2.500000e-03,9.431132e-01,9.257533e-01,2.444054e+00,7.949102e-02,136,61,1.000000e+00,1.933747e-04,9.874257e-01,0
1.644292e-01,-1.560365e-01,6.064508e-02,7.424418e-01,2.500000e-03,9.414381e-01,9.236175e-01,2.442293e+00,7.963690e-02,137,61,1.000000e+00,2.138385e-04,9.895459e-01,0
1.644292e-01,-1.532996e-01,5.855472e-02,2.342308e-01,2.500000e-03,9.403165e-01,9.221206e-01,2.441207e+00,7.973609e-02,138,62,1.000000e+00,2.253911e-04,9.916796e-01,0
1.644292e-01,-1.505383e-01,5.743989e-02,-2.982886e-01,2.500000e-03,9.397965e-01,9.213083e-01,2.440865e+00,7.978436e-02,139,62,1.000000e+00,2.254763e-04,9.937632e-01,0
1.644292e-01,-1.477597e-01,5.767501e-02,-8.208247e-01,2.500000e-03,9.398948e-01,9.211927e-01,2.441285e+00,7.978039e-02,140,62,1.000000e+00,2.122368e-04,9.957268e-01,0
1.644292e-01,-1.449723e-01,5.948944e-02,-1.295704e+00,2.500000e-03,9.405888e-01,9.217448e-01,2.442426e+00,7.972639e-02,141,62,1.000000e+00,1.849429e-04,9.974999e-01,0
1.644292e-01,-1.421880e-01,6.287549e-02,-1.685937e+00,2.500000e-03,9.418123e-01,9.228896e-01,2.444181e+00,7.962845e-02,142,61,1.000000e+00,1.443057e-04,9.990167e-01,0
1.644292e-01,-1.394197e-01,6.758061e-02,-1.960375e+00,2.500000e-03,9.434548e-01,9.245062e-01,2.446372e+00,7.949632e-02,143,61,1.000000e+00,9.258009e-05,1.000223e+00,0
1.644292e-01,-1.366811e-01,7.311083e-02,-2.098132e+00,2.500000e-03,9.453685e-01,9.264352e-01,2.448771e+00,7.934272e-02,144,61,1.000000e+00,3.346896e-05,1.001081e+00,0
1.644292e-01,-1.339844e-01,7.878619e-02,-2.091660e+00,2.500000e-03,9.473824e-01,9.284932e-01,2.451121e+00,7.918200e-02,145,60,1.000000e+00,-2.822307e-05,1.001577e+00,0
1.644292e-01,-1.313387e-01,8.382764e-02,-1.947737e+00,2.500000e-03,9.493213e-01,9.304936e-01,2.453180e+00,7.902845e-02,146,60,1.000000e+00,-8.716920e-05,9.982856e-01,0
1.644292e-01,-1.287489e-01,8.745022e-02,-1.685500e+00,2.500000e-03,9.510260e-01,9.322671e-01,2.454759e+00,7.889469e-02,147,60,1.000000e+00,-1.382119e-04,9.984662e-01,0
1.644292e-01,-1.262134e-01,8.898989e-02,-1.332961e+00,2.500000e-03,9.523707e-01,9.336790e-01,2.455756e+00,7.879047e-02,148,59,1.000000e+00,-1.770732e-04,9.989213e-01,0
1.644292e-01,-1.237241e-01,8.798656e-02,-9.223758e-01,2.500000e-03,9.532699e-01,9.346377e-01,2.456172e+00,7.872216e-02,149,58,1.000000e+00,-2.008128e-04,1.000407e+00,0
1.644292e-01,-1.212665e-01,8.423798e-02,-4.884959e-01,2.500000e-03,9.536788e-01,9.350932e-01,2.456094e+00,7.869292e-02,150,59,1.000000e+00,-2.080251e-04,9.995779e-01,0
1.644292e-01,-1.188217e-01,7.782590e-02,-6.350658e-02,2.500000e-03,9.535868e-01,9.350309e-01,2.455666e+00,7.870328e-02,151,60,1.000000e+00,-1.987941e-04,9.986546e-01,0
1.644292e-01,-1.163691e-01,6.910500e-02,3.210222e-01,2.500000e-03,9.530112e-01,9.344648e-01,2.455038e+00,7.875158e-02,152,60,1.000000e+00,-1.745494e-04,9.976922e-01,0
1.644292e-01,-1.138881e-01,5.866128e-02,6.352954e-01,2.500000e-03,9.519943e-01,9.334341e-01,2.454327e+00,7.883425e-02,153,60,1.000000e+00,-1.378644e-04,9.967388e-01,0
1.644292e-01,-1.113642e-01,4.723784e-02,8.516203e-01,2.500000e-03,9.506052e-01,9.320049e-01,2.453598e+00,7.894559e-02,154,60,1.000000e+00,-9.234081e-05,9.958341e-01,0
1.644292e-01,-1.087911e-01,3.566843e-02,9.472030e-01,2.500000e-03,9.489425e-01,9.302742e-01,2.452860e+00,7.907755e-02,155,60,1.000000e+00,-4.245801e-05,9.950073e-01,0
1.644292e-01,-1.061684e-01,2.482114e-02,9.096878e-01,2.500000e-03,9.471294e-01,9.283657e-01,2.452091e+00,7.922011e-02,156,59,1.000000e+00,6.843402e-06,9.942738e-01,0
1.644292e-01,-1.034932e-01,1.554898e-02,7.346223e-01,2.500000e-03,9.452983e-01,9.264146e-01,2.451255e+00,7.936254e-02,157,59,1.000000e+00,5.075057e-05,9.936333e-01,0
1.644292e-01,-1.007920e-01,8.457776e-03,4.420288e-01,2.500000e-03,9.435977e-01,9.245771e-01,2.450358e+00,7.949293e-02,158,58,1.000000e+00,8.452497e-05,9.930725e-01,0
1.644292e-01,-9.806670e-02,4.164941e-03,5.863638e-02,2.500000e-03,9.421374e-01,9.229731e-01,2.449401e+00,7.960254e-02,159,58,1.000000e+00,1.047421e-04,9.925599e-01,0
1.644292e-01,-9.529740e-02,3.344593e-03,-3.703263e-01,2.500000e-03,9.409860e-01,9.216836e-01,2.448393e+00,7.968611e-02,160,57,1.000000e+00,1.088250e-04,9.920498e-01,0
1.644292e-01,-9.249107e-02,6.338230e-03,-7.910668e-01,2.500000e-03,9.401829e-01,9.207652e-01,2.447376e+00,7.974104e-02,161,57,1.000000e+00,9.484100e-05,9.914930e-01,0
1.644292e-01,-8.957840e-02,1.452223e-02,-1.148085e+00,2.500000e-03,9.396936e-01,9.202030e-01,2.446381e+00,7.977082e-02,162,58,1.000000e+00,6.108607e-05,9.908254e-01,0
1.644292e-01,-8.651150e-02,2.910180e-02,-1.350758e+00,2.500000e-03,9.394151e-01,9.199260e-01,2.445517e+00,7.978507e-02,163,57,1.000000e+00,6.463899e-06,9.899871e-01,0
1.644292e-01,-8.325387e-02,5.092351e-02,-1.312111e+00,2.500000e-03,9.390904e-01,9.197254e-01,2.444876e+00,7.980656e-02,164,58,1.000000e+00,-6.703679e-05,9.889265e-01,0
1.644292e-01,-8.005455e-02,7.475716e-02,-9.122927e-01,2.500000e-03,9.383100e-01,9.192282e-01,2.444120e+00,7.987070e-02,165,57,1.000000e+00,-1.442709e-04,9.876662e-01,0
1.644292e-01,-7.709644e-02,9.555828e-02,-3.699584e-01,2.500000e-03,9.367394e-01,9.180958e-01,2.442991e+00,8.000524e-02,166,58,1.000000e+00,-2.081186e-04,9.862584e-01,0
1.644292e-01,-7.469918e-02,1.030398e-01,6.463864e-03,2.500000e-03,9.346038e-01,9.164588e-01,2.441687e+00,8.019053e-02,167,60,1.000000e+00,-2.469121e-04,9.848186e-01,0
1.644292e-01,-7.374805e-02,9.331509e-02,1.582023e-01,2.500000e-03,9.335067e-01,9.155979e-01,2.442354e+00,8.028720e-02,168,61,1.000000e+00,-2.580814e-04,9.835582e-01,0
1.644292e-01,-7.317392e-02,7.484850e-02,3.135681e-01,2.500000e-03,9.327719e-01,9.150166e-01,2.445361e+00,8.035334e-02,169,61,1.000000e+00,-2.635731e-04,9.821117e-01,0
1.644292e-01,-7.068000e-02,7.901307e-02,8.099047e-01,2.500000e-03,9.289569e-01,9.119637e-01,2.444798e+00,8.068903e-02,170,62,1.000000e+00,-2.765900e-04,9.800536e-01,0
1.644292e-01,-6.763330e-02,8.892813e-02,1.470541e+00,2.500000e-03,9.229979e-01,9.071469e-01,2.442356e+00,8.121701e-02,171,61,1.000000e+00,-2.704791e-04,9.778998e-01,0
1.644292e-01,-6.456271e-02,9.127588e-02,1.935894e+00,2.500000e-03,9.158018e-01,9.013294e-01,2.439172e+00,8.186369e-02,172,62,1.000000e+00,-2.436422e-04,9.758572e-01,0
1.644292e-01,-6.140248e-02,8.812300e-02,2.176868e+00,2.500000e-03,9.075274e-01,8.946966e-01,2.435128e+00,8.261985e-02,173,62,1.000000e+00,-1.971163e-04,9.739296e-01,0
1.644292e-01,-5.811214e-02,8.212447e-02,2.183277e+00,2.500000e-03,8.984182e-01,8.875143e-01,2.430104e+00,8.346787e-02,174,62,1.000000e+00,-1.295764e-04,9.720640e-01,0
1.644292e-01,-5.468860e-02,7.718472e-02,1.983309e+00,2.500000e-03,8.888572e-01,8.801640e-01,2.424140e+00,8.437530e-02,175,62,1.000000e+00,-4.081290e-05,9.701492e-01,0
1.644292e-01,-5.117813e-02,7.642573e-02,1.649779e+00,2.500000e-03,8.793620e-01,8.731156e-01,2.417641e+00,8.529414e-02,176,61,1.000000e+00,6.370635e-05,9.680369e-01,0
1.644292e-01,-4.775850e-02,7.996165e-02,1.272545e+00,2.500000e-03,8.706834e-01,8.669526e-01,2.411616e+00,8.614996e-02,177,65,1.000000e+00,1.684526e-04,9.656430e-01,0
1.644292e-01,-4.458872e-02,8.625210e-02,9.218899e-01,2.500000e-03,8.632811e-01,8.619592e-01,2.406897e+00,8.689264e-02,178,68,1.000000e+00,2.567139e-04,9.629172e-01,0
1.644292e-01,-4.173478e-02,9.297275e-02,6.103444e-01,2.500000e-03,8.572060e-01,8.580877e-01,2.403974e+00,8.751156e-02,179,68,1.000000e+00,3.190084e-04,9.585430e-01,0
1.644292e-01,-3.913860e-02,9.857060e-02,3.109120e-01,2.500000e-03,8.521999e-01,8.550970e-01,2.403333e+00,8.802857e-02,180,67,1.000000e+00,3.535527e-04,9.538868e-01,0
1.644292e-01,-3.662632e-02,1.029520e-01,-8.966349e-03,2.500000e-03,8.478526e-01,8.526977e-01,2.405224e+00,8.848302e-02,181,67,1.000000e+00,3.602230e-04,9.482387e-01,0
1.644292e-01,-3.393958e-02,1.070975e-01,-3.866670e-01,2.500000e-03,8.437521e-01,8.506634e-01,2.409976e+00,8.891638e-02,182,66,1.000000e+00,3.320192e-04,9.411337e-01,0
1.644292e-01,-3.076082e-02,1.123203e-01,-8.598425e-01,2.500000e-03,8.395909e-01,8.488930e-01,2.418233e+00,8.936066e-02,183,66,1.000000e+00,2.446762e-04,9.319523e-01,0
1.644292e-01,-2.669994e-02,1.206083e-01,-1.406292e+00,2.500000e-03,8.350979e-01,8.472880e-01,2.431246e+00,8.984432e-02,184,67,1.000000e+00,4.033168e-05,9.198786e-01,0
1.644292e-01,-2.111475e-02,1.414002e-01,-1.666353e+00,2.500000e-03,8.288938e-01,8.444651e-01,2.451495e+00,9.051270e-02,185,70,1.000000e+00,-4.107419e-04,9.033134e-01,0
1.644292e-01,-1.211944e-02,2.332577e-01,4.388623e-01,2.500000e-03,8.056314e-01,8.236979e-01,2.482377e+00,9.304253e-02,186,72,1.000000e+00,-1.374602e-03,8.672196e-01,0
1.644292e-01,5.624874e-03,4.224297e-01,-1.014747e+01,2.500000e-03,6.216788e-01,6.296039e-01,2.477574e+00,1.198855e-01,187,95,1.000000e+00,-1.079513e-03,6.855968e-01,0
1.644292e-01,7.647624e-03,-8.113575e-02,-1.001685e+01,2.500000e-03,5.954907e-01,6.016890e-01,2.428768e+00,1.262021e-01,188,99,1.000000e+00,-8.597647e-04,6.582851e-01,0
1.644292e-01,-4.928496e-03,-3.694776e-01,3.462466e+00,2.500000e-03,7.498809e-01,7.654733e-01,2.702214e+00,1.005113e-01,189,77,1.000000e+00,-1.766301e-03,8.114470e-01,0
1.644292e-01,-1.071381e-02,-2.233323e-01,1.076534e+00,2.500000e-03,7.976780e-01,8.155444e-01,2.777595e+00,9.419978e-02,190,73,1.000000e+00,-1.506129e-03,8.540422e-01,0
1.644292e-01,-9.277695e-03,-6.278872e-02,1.718990e+00,2.500000e-03,7.888721e-01,8.064779e-01,2.713629e+00,9.516777e-02,191,73,1.000000e+00,-1.619432e-03,8.399672e-01,0
1.644292e-01,-4.614678e-03,1.214201e-01,3.494961e+00,2.500000e-03,7.485118e-01,7.641197e-01,2.628724e+00,1.001261e-01,192,77,1.000000e+00,-1.781193e-03,8.021856e-01,0
1.644292e-01,1.301421e-03,2.691210e-01,2.541240e+00,2.500000e-03,6.772618e-01,6.886156e-01,2.550220e+00,1.103659e-01,193,87,1.000000e+00,-1.488782e-03,7.619192e-01,0
1.644292e-01,4.137650e-03,1.592900e-01,-5.078797e+00,2.500000e-03,6.398128e-01,6.488254e-01,2.502187e+00,1.170068e-01,194,92,1.000000e+00,-1.218263e-03,7.188269e-01,0
1.644292e-01,3.248540e-03,1.220938e-02,-1.936760e+00,2.500000e-03,6.507732e-01,6.604417e-01,2.504648e+00,1.153176e-01,195,91,1.000000e+00,-1.298414e-03,7.336040e-01,0
1.644292e-01,2.227233e-03,-6.312190e-02,9.034021e-01,2.500000e-03,6.637606e-01,6.742205e-01,2.550000e+00,1.132003e-01,196,89,1.000000e+00,-1.390501e-03,7.479427e-01,0
1.644292e-01,5.183304e-03,-2.711083e-02,-8.825560e+00,2.500000e-03,6.258478e-01,6.339577e-01,2.613180e+00,1.199785e-01,197,95,1.000000e+00,-1.106523e-03,7.003653e-01,0
1.644292e-01,-1.432477e-02,9.295498e-02,-4.002181e-01,2.500000e-03,8.143485e-01,8.322656e-01,2.849923e+00,9.211712e-02,198,72,1.000000e+00,-1.142186e-03,8.807686e-01,0
1.644292e-01,-4.262838e-02,-1.737985e-01,7.025004e-01,2.500000e-03,8.590666e-01,8.592579e-01,3.272717e+00,8.736742e-02,199,68,1.000000e+00,3.016971e-04,9.605515e-01,0
1.644292e-01,1.669026e-02,3.226896e-01,1.113255e+01,3.125000e-04,3.502177e-01,3.443430e-01,2.059455e+00,3.316784e-02,200,29,1.000000e+00,2.048694e-03,7.983188e-01,0
1.644292e-01,1.924277e-02,2.953664e-01,1.878043e-01,3.125000e-04,4.698661e-01,4.701281e-01,2.082163e+00,8.821708e-02,201,70,1.000000e+00,3.201100e-04,6.095825e-01,0
1.644292e-01,9.230749e-03,3.940524e-01,3.637518e+01,3.125000e-04,7.627274e-01,7.580052e-01,2.440394e+00,1.165232e-02,202,11,1.000000e+00,1.954528e-03,1.089932e+00,0
1.644292e-01,1.406045e-02,-1.902580e-01,1.256127e+01,3.125000e-04,5.472212e-01,5.472661e-01,2.628936e+00,4.257019e-02,203,32,1.000000e+00,8.483409e-04,7.512881e-01,0
1.644292e-01,2.465211e-02,-1.003814e-01,-2.764308e+00,3.125000e-04,4.125497e-01,4.093351e-01,2.267208e+00,1.100465e-01,204,88,1.000000e+00,6.157110e-04,5.719394e-01,0
1.644292e-01,4.244772e-02,2.037876e-01,1.700773e+00,3.125000e-04,1.445508e-01,1.259479e-01,2.148778e+00,6.478901e-02,205,55,1.000000e+00,7.148148e-04,7.350089e-01,0
1.644292e-01,2.567830e-02,2.103037e-01,-3.367629e+00,3.125000e-04,3.995284e-01,3.955475e-01,2.279711e+00,1.087226e-01,206,87,1.000000e+00,7.130086e-04,5.563000e-01,0
1.644292e-01,4.122610e-02,5.456106e-02,7.400175e-01,3.125000e-04,1.470548e-01,1.287040e-01,2.077547e+00,6.378264e-02,207,54,1.000000e+00,7.774227e-04,7.134055e-01,0
1.644292e-01,4.170803e-02,2.248067e-02,1.141122e+00,3.125000e-04,1.461042e-01,1.276554e-01,2.064449e+00,6.422452e-02,208,54,1.000000e+00,7.538743e-04,7.246036e-01,0
1.644292e-01,3.872137e-02,-5.767354e-03,-1.717749e+00,3.125000e-04,1.527817e-01,1.349787e-01,2.085210e+00,6.142168e-02,209,51,1.000000e+00,9.113870e-04,6.964103e-01,0
1.644292e-01,3.661824e-02,4.861123e-02,-4.072150e+00,3.125000e-04,1.581177e-01,1.408159e-01,2.110554e+00,5.912653e-02,210,48,1.000000e+00,1.028999e-03,6.668138e-01,0
1.644292e-01,3.595173e-02,1.001794e-01,-4.868011e+00,3.125000e-04,1.591336e-01,1.419668e-01,2.129705e+00,5.805465e-02,211,47,1.000000e+00,1.054690e-03,6.502871e-01,0
1.644292e-01,3.535029e-02,1.110065e-01,-5.626722e+00,3.125000e-04,1.596202e-01,1.425597e-01,2.152233e+00,5.691433e-02,212,46,1.000000e+00,1.071150e-03,6.303129e-01,0
1.644292e-01,3.489366e-02,4.888297e-02,-6.027125e+00,3.125000e-04,1.625200e-01,1.456582e-01,2.175796e+00,5.694766e-02,213,46,1.000000e+00,1.122986e-03,6.040357e-01,0
1.644292e-01,3.818056e-02,-7.163933e-02,-2.305777e+00,3.125000e-04,1.542239e-01,1.365505e-01,2.154966e+00,6.090707e-02,214,50,1.000000e+00,9.432942e-04,6.831333e-01,0
1.644292e-01,4.900813e-02,7.356441e-02,3.323231e+00,3.125000e-04,1.354255e-01,1.156154e-01,2.070575e+00,6.924174e-02,215,58,1.000000e+00,4.270242e-04,7.698018e-01,0
1.644292e-01,5.619552e-02,9.844197e-02,4.608024e-01,3.125000e-04,1.317417e-01,1.107787e-01,2.066611e+00,7.115322e-02,216,61,1.000000e+00,1.644359e-04,8.203027e-01,0
1.644292e-01,5.991355e-02,8.133659e-02,-1.138835e+00,3.125000e-04,1.319645e-01,1.104893e-01,2.070662e+00,7.101838e-02,217,61,1.000000e+00,6.777914e-05,8.596308e-01,0
1.644292e-01,6.224025e-02,6.570037e-02,-1.788110e+00,3.125000e-04,1.325531e-01,1.107991e-01,2.072375e+00,7.069075e-02,218,60,1.000000e+00,2.688113e-05,8.894898e-01,0
1.644292e-01,6.367572e-02,5.013638e-02,-1.963678e+00,3.125000e-04,1.329967e-01,1.110909e-01,2.073111e+00,7.044659e-02,219,61,1.000000e+00,9.257651e-06,9.108798e-01,0
1.644292e-01,6.460395e-02,3.440208e-02,-2.014594e+00,3.125000e-04,1.332929e-01,1.112983e-01,2.074394e+00,7.028406e-02,220,61,1.000000e+00,6.861100e-07,9.264934e-01,0
1.644292e-01,6.545087e-02,2.269203e-02,-2.105130e+00,3.125000e-04,1.335604e-01,1.114916e-01,2.076777e+00,7.013864e-02,221,60,1.000000e+00,-5.386411e-06,9.394796e-01,0
1.644292e-01,6.623997e-02,1.339410e-02,-2.152479e+00,3.125000e-04,1.338020e-01,1.116700e-01,2.079962e+00,7.000831e-02,222,60,1.000000e+00,-9.697439e-06,9.503708e-01,0
1.644292e-01,6.775715e-02,2.210412e-02,-2.037444e+00,3.125000e-04,1.342328e-01,1.119961e-01,2.082269e+00,6.978079e-02,223,60,1.000000e+00,-1.487167e-05,9.629141e-01,0
1.644292e-01,7.008620e-02,4.854060e-02,-1.807692e+00,3.125000e-04,1.347837e-01,1.124276e-01,2.082878e+00,6.949386e-02,224,61,1.000000e+00,-1.681572e-05,9.760181e-01,0
1.644292e-01,7.290244e-02,7.598231e-02,-2.112330e+00,3.125000e-04,1.352697e-01,1.128275e-01,2.082807e+00,6.924324e-02,225,59,1.000000e+00,-1.313949e-05,9.873182e-01,0
1.644292e-01,7.580790e-02,1.109856e-01,-2.580777e+00,3.125000e-04,1.356216e-01,1.131392e-01,2.083854e+00,6.906530e-02,226,58,1.000000e+00,-6.117530e-06,9.957470e-01,0
1.644292e-01,7.721986e-02,1.165059e-01,-2.798592e+00,3.125000e-04,1.357648e-01,1.132738e-01,2.085778e+00,6.899387e-02,227,57,1.000000e+00,-2.463282e-06,9.997358e-01,0
1.644292e-01,7.862121e-02,1.181792e-01,-2.737808e+00,3.125000e-04,1.359035e-01,1.134075e-01,2.088155e+00,6.892537e-02,228,57,1.000000e+00,8.896710e-07,1.002983e+00,0
1.644292e-01,8.342250e-02,1.533740e-01,-2.922035e+00,3.125000e-04,1.364826e-01,1.139641e-01,2.090226e+00,6.864521e-02,229,58,1.000000e+00,6.792594e-06,9.921605e-01,0
1.644292e-01,8.746871e-02,1.552964e-01,-3.110098e+00,3.125000e-04,1.372018e-01,1.146260e-01,2.093443e+00,6.829618e-02,230,58,1.000000e+00,2.019050e-06,9.904775e-01,0
1.644292e-01,9.056881e-02,1.365247e-01,-2.909655e+00,3.125000e-04,1.378654e-01,1.152182e-01,2.094458e+00,6.797230e-02,231,59,1.000000e+00,-7.411687e-06,9.906032e-01,0
1.644292e-01,9.282872e-02,1.128117e-01,-2.500904e+00,3.125000e-04,1.383493e-01,1.156418e-01,2.094582e+00,6.773556e-02,232,58,1.000000e+00,-1.618219e-05,9.916058e-01,0
1.644292e-01,9.462856e-02,9.088953e-02,-1.985612e+00,3.125000e-04,1.386943e-01,1.159392e-01,2.094911e+00,6.756690e-02,233,58,1.000000e+00,-2.332221e-05,9.929864e-01,0
1.644292e-01,9.622882e-02,7.417045e-02,-1.370882e+00,3.125000e-04,1.389456e-01,1.161522e-01,2.095689e+00,6.744446e-02,234,59,1.000000e+00,-2.907191e-05,9.945477e-01,0
1.644292e-01,9.768422e-02,6.196582e-02,-7.416878e-01,3.125000e-04,1.391132e-01,1.162906e-01,2.096621e+00,6.736311e-02,235,59,1.000000e+00,-3.329945e-05,9.961849e-01,0
1.644292e-01,9.923672e-02,5.693889e-02,-3.218065e-02,3.125000e-04,1.392163e-01,1.163705e-01,2.097430e+00,6.731334e-02,236,60,1.000000e+00,-3.630729e-05,9.978981e-01,0
1.644292e-01,1.008403e-01,5.732119e-02,6.998615e-01,3.125000e-04,1.392342e-01,1.163741e-01,2.097698e+00,6.730467e-02,237,61,1.000000e+00,-3.743722e-05,9.996283e-01,0
1.644292e-01,1.026440e-01,6.427509e-02,1.467939e+00,3.125000e-04,1.391475e-01,1.162833e-01,2.096994e+00,6.734634e-02,238,60,1.000000e+00,-3.611260e-05,1.001351e+00,0
1.644292e-01,1.046363e-01,7.637710e-02,2.184965e+00,3.125000e-04,1.389333e-01,1.160780e-01,2.095091e+00,6.744949e-02,239,58,1.000000e+00,-3.161068e-05,9.970453e-01,0
1.644292e-01,1.068375e-01,9.221137e-02,2.753872e+00,3.125000e-04,1.385845e-01,1.157514e-01,2.091980e+00,6.761857e-02,240,57,1.000000e+00,-2.366688e-05,9.956606e-01,0
1.644292e-01,1.092361e-01,1.094984e-01,3.062360e+00,3.125000e-04,1.381243e-01,1.153231e-01,2.087993e+00,6.784406e-02,241,58,1.000000e+00,-1.287965e-05,9.946096e-01,0
1.644292e-01,1.117971e-01,1.255790e-01,3.027607e+00,3.125000e-04,1.376101e-01,1.148430e-01,2.083746e+00,6.809975e-02,242,57,1.000000e+00,-7.810954e-07,9.939695e-01,0
1.644292e-01,1.144643e-01,1.380012e-01,2.636562e+00,3.125000e-04,1.371195e-01,1.143788e-01,2.079945e+00,6.834821e-02,243,58,1.000000e+00,1.061222e-05,9.937570e-01,0
1.644292e-01,1.171720e-01,1.451776e-01,1.958672e+00,3.125000e-04,1.367240e-01,1.139933e-01,2.077141e+00,6.855324e-02,244,59,1.000000e+00,1.952233e-05,9.939235e-01,0
1.644292e-01,1.198585e-01,1.467008e-01,1.119926e+00,3.125000e-04,1.364668e-01,1.137256e-01,2.075559e+00,6.869124e-02,245,59,1.000000e+00,2.490451e-05,9.943709e-01,0
1.644292e-01,1.224754e-01,1.432012e-01,2.574746e-01,3.125000e-04,1.363573e-01,1.135853e-01,2.075115e+00,6.875546e-02,246,61,1.000000e+00,2.651176e-05,9.949750e-01,0
1.644292e-01,1.249925e-01,1.359330e-01,-5.172142e-01,3.125000e-04,1.363788e-01,1.135592e-01,2.075529e+00,6.875295e-02,247,61,1.000000e+00,2.469532e-05,9.956089e-01,0
1.644292e-01,1.273977e-01,1.263497e-01,-1.133998e+00,3.125000e-04,1.365006e-01,1.136215e-01,2.076472e+00,6.869862e-02,248,62,1.000000e+00,2.014898e-05,9.961602e-01,0
1.644292e-01,1.296937e-01,1.158107e-01,-1.561618e+00,3.125000e-04,1.366885e-01,1.137429e-01,2.077655e+00,6.860972e-02,249,61,1.000000e+00,1.370046e-05,9.965409e-01,0
1.644292e-01,1.318948e-01,1.054494e-01,-1.796875e+00,3.125000e-04,1.369107e-01,1.138957e-01,2.078874e+00,6.850247e-02,250,61,1.000000e+00,6.178299e-06,9.966905e-01,0
1.644292e-01,1.340229e-01,9.614817e-02,-1.852576e+00,3.125000e-04,1.371402e-01,1.140562e-01,2.080000e+00,6.839067e-02,251,59,1.000000e+00,-1.660510e-06,9.965740e-01,0
1.644292e-01,1.361043e-01,8.855926e-02,-1.749152e+00,3.125000e-04,1.373548e-01,1.142046e-01,2.080954e+00,6.828569e-02,252,58,1.000000e+00,-9.159868e-06,9.961768e-01,0
1.644292e-01,1.381662e-01,8.312940e-02,-1.510074e+00,3.125000e-04,1.375354e-01,1.143235e-01,2.081675e+00,6.819705e-02,253,59,1.000000e+00,-1.576489e-05,9.955002e-01,0
1.644292e-01,1.402346e-01,8.011170e-02,-1.160309e+00,3.125000e-04,1.376654e-01,1.143979e-01,2.082104e+00,6.813304e-02,254,58,1.000000e+00,-2.101185e-05,9.945585e-01,0
1.644292e-01,1.423319e-01,7.955674e-02,-7.275755e-01,3.125000e-04,1.377300e-01,1.144137e-01,2.082177e+00,6.810103e-02,255,58,1.000000e+00,-2.453626e-05,9.933775e-01,0
1.644292e-01,1.444744e-01,8.129585e-02,-2.423631e-01,3.125000e-04,1.377169e-01,1.143592e-01,2.081839e+00,6.810721e-02,256,58,1.000000e+00,-2.611191e-05,9.919949e-01,0
1.644292e-01,1.466710e-01,8.491622e-02,2.611195e-01,3.125000e-04,1.376181e-01,1.142263e-01,2.081053e+00,6.815580e-02,257,58,1.000000e+00,-2.571086e-05,9.904598e-01,0
1.644292e-01,1.489226e-01,8.978600e-02,7.471749e-01,3.125000e-04,1.374321e-01,1.140125e-01,2.079821e+00,6.824808e-02,258,58,1.000000e+00,-2.354942e-05,9.888297e-01,0
1.644292e-01,1.512232e-01,9.512872e-02,1.182886e+00,3.125000e-04,1.371650e-01,1.137221e-01,2.078181e+00,6.838178e-02,259,59,1.000000e+00,-2.007274e-05,9.871663e-01,0
1.644292e-01,1.535616e-01,1.001365e-01,1.543320e+00,3.125000e-04,1.368294e-01,1.133652e-01,2.076201e+00,6.855134e-02,260,59,1.000000e+00,-1.586523e-05,9.855286e-01,0
1.644292e-01,1.559238e-01,1.040911e-01,1.815320e+00,3.125000e-04,1.364423e-01,1.129562e-01,2.073962e+00,6.874900e-02,261,60,1.000000e+00,-1.152579e-05,9.839669e-01,0
1.644292e-01,1.582963e-01,1.064598e-01,1.998422e+00,3.125000e-04,1.360214e-01,1.125105e-01,2.071540e+00,6.896630e-02,262,60,1.000000e+00,-7.554740e-06,9.825186e-01,0
1.644292e-01,1.606676e-01,1.069447e-01,2.102830e+00,3.125000e-04,1.355819e-01,1.120418e-01,2.068995e+00,6.919558e-02,263,60,1.000000e+00,-4.287867e-06,9.812074e-01,0
1.644292e-01,1.630295e-01,1.054829e-01,2.145538e+00,3.125000e-04,1.351356e-01,1.115611e-01,2.066371e+00,6.943087e-02,264,60,1.000000e+00,-1.883137e-06,9.800440e-01,0
1.644292e-01,1.653779e-01,1.022091e-01,2.146064e+00,3.125000e-04,1.346895e-01,1.110752e-01,2.063697e+00,6.966822e-02,265,60,1.000000e+00,-3.457955e-07,9.790292e-01,0
1.644292e-01,1.677121e-01,9.739899e-02,2.122940e+00,3.125000e-04,1.342468e-01,1.105881e-01,2.060990e+00,6.990562e-02,266,59,1.000000e+00,4.289873e-07,9.781577e-01,0
1.644292e-01,1.700346e-01,9.140784e-02,2.091468e+00,3.125000e-04,1.338079e-01,1.101006e-01,2.058258e+00,7.014255e-02,267,59,1.000000e+00,6.121347e-07,9.774213e-01,0
1.644292e-01,1.723495e-01,8.461655e-02,2.062708e+00,3.125000e-04,1.333710e-01,1.096123e-01,2.055502e+00,7.037955e-02,268,59,1.000000e+00,4.040592e-07,9.768120e-01,0
1.644292e-01,1.746623e-01,7.739011e-02,2.043332e+00,3.125000e-04,1.329335e-01,1.091216e-01,2.052719e+00,7.061770e-02,269,59,1.000000e+00,7.579914e-09,9.763238e-01,0
1.644292e-01,1.769786e-01,7.004858e-02,2.035976e+00,3.125000e-04,1.324929e-01,1.086269e-01,2.049902e+00,7.085823e-02,270,59,1.000000e+00,-3.912225e-07,9.759544e-01,0
1.644292e-01,1.793037e-01,6.284959e-02,2.039829e+00,3.125000e-04,1.320470e-01,1.081269e-01,2.047043e+00,7.110219e-02,271,59,1.000000e+00,-6.365907e-07,9.757050e-01,0
1.644292e-01,1.816420e-01,5.598036e-02,2.051340e+00,3.125000e-04,1.315946e-01,1.076213e-01,2.044138e+00,7.135017e-02,272,59,1.000000e+00,-6.126492e-07,9.755805e-01,0
1.644292e-01,1.839965e-01,4.955746e-02,2.064995e+00,3.125000e-04,1.311358e-01,1.071109e-01,2.041186e+00,7.160211e-02,273,60,1.000000e+00,-2.492764e-07,9.755886e-01,0
1.644292e-01,1.863692e-01,4.363282e-02,2.074143e+00,3.125000e-04,1.306722e-01,1.065976e-01,2.038195e+00,7.185726e-02,274,60,1.000000e+00,4.761001e-07,9.757386e-01,0
1.644292e-01,1.887606e-01,3.820437e-02,2.071838e+00,3.125000e-04,1.302068e-01,1.060848e-01,2.035180e+00,7.211407e-02,275,61,1.000000e+00,1.541222e-06,9.760401e-01,0
1.644292e-01,1.911705e-01,3.322990e-02,2.051653e+00,3.125000e-04,1.297438e-01,1.055766e-01,2.032165e+00,7.237036e-02,276,61,1.000000e+00,2.886120e-06,9.765015e-01,0
1.644292e-01,1.935973e-01,2.864224e-02,2.008377e+00,3.125000e-04,1.292883e-01,1.050783e-01,2.029183e+00,7.262337e-02,277,61,1.000000e+00,4.423731e-06,9.771285e-01,0
1.644292e-01,1.960393e-01,2.436393e-02,1.938532e+00,3.125000e-04,1.288459e-01,1.045953e-01,2.026267e+00,7.287001e-02,278,61,1.000000e+00,6.052364e-06,9.779234e-01,0
1.644292e-01,1.984942e-01,2.031992e-02,1.840648e+00,3.125000e-04,1.284224e-01,1.041331e-01,2.023458e+00,7.310704e-02,279,61,1.000000e+00,7.668158e-06,9.788844e-01,0
1.644292e-01,2.009598e-01,1.644690e-02,1.715278e+00,3.125000e-04,1.280231e-01,1.036971e-01,2.020791e+00,7.333131e-02,280,61,1.000000e+00,9.175867e-06,9.800048e-01,0
1.644292e-01,2.034337e-01,1.269877e-02,1.564780e+00,3.125000e-04,1.276531e-01,1.032919e-01,2.018303e+00,7.353989e-02,281,61,1.000000e+00,1.049686e-05,9.812736e-01,0
1.644292e-01,2.059142e-01,9.048174e-03,1.392918e+00,3.125000e-04,1.273163e-01,1.029216e-01,2.016023e+00,7.373024e-02,282,61,1.000000e+00,1.157391e-05,9.826753e-01,0
1.644292e-01,2.083996e-01,5.484940e-03,1.204378e+00,3.125000e-04,1.270161e-01,1.025892e-01,2.013977e+00,7.390030e-02,283,62,1.000000e+00,1.237278e-05,9.841909e-01,0
1.644292e-01,2.108885e-01,2.012293e-03,1.004267e+00,3.125000e-04,1.267546e-01,1.022971e-01,2.012182e+00,7.404850e-02,284,62,1.000000e+00,1.288119e-05,9.857979e-01,0
1.644292e-01,2.133800e-01,-1.357941e-03,7.976638e-01,3.125000e-04,1.265333e-01,1.020467e-01,2.010651e+00,7.417382e-02,285,62,1.000000e+00,1.310576e-05,9.874715e-01,0
1.644292e-01,2.158733e-01,-4.610162e-03,5.892812e-01,3.125000e-04,1.263528e-01,1.018385e-01,2.009389e+00,7.427574e-02,286,62,1.000000e+00,1.306761e-05,9.891850e-01,0
1.644292e-01,2.183677e-01,-7.729113e-03,3.832340e-01,3.125000e-04,1.262128e-01,1.016723e-01,2.008399e+00,7.435421e-02,287,62,1.000000e+00,1.279739e-05,9.909107e-01,0
1.644292e-01,2.208627e-01,-1.070285e-02,1.829278e-01,3.125000e-04,1.261124e-01,1.015475e-01,2.007673e+00,7.440960e-02,288,62,1.000000e+00,1.233024e-05,9.926204e-01,0
1.644292e-01,2.233579e-01,-1.352445e-02,-8.953084e-03,3.125000e-04,1.260502e-01,1.014626e-01,2.007205e+00,7.444266e-02,289,62,1.000000e+00,1.170132e-05,9.942860e-01,0
1.644292e-01,2.258528e-01,-1.619244e-02,-1.903761e-01,3.125000e-04,1.260244e-01,1.014157e-01,2.006980e+00,7.445443e-02,290,61,1.000000e+00,1.094205e-05,9.958803e-01,0
1.644292e-01,2.283469e-01,-1.871028e-02,-3.598365e-01,3.125000e-04,1.260325e-01,1.014044e-01,2.006983e+00,7.444623e-02,291,61,1.000000e+00,1.007762e-05,9.973773e-01,0
1.644292e-01,2.308397e-01,-2.108511e-02,-5.162012e-01,3.125000e-04,1.260720e-01,1.014262e-01,2.007197e+00,7.441960e-02,292,61,1.000000e+00,9.125614e-06,9.987527e-01,0
1.644292e-01,2.333308e-01,-2.332620e-02,-6.585479e-01,3.125000e-04,1.261400e-01,1.014779e-01,2.007600e+00,7.437625e-02,293,61,1.000000e+00,8.095942e-06,9.999842e-01,0
1.644292e-01,2.358197e-01,-2.544327e-02,-7.860171e-01,3.125000e-04,1.262334e-01,1.015562e-01,2.008172e+00,7.431806e-02,294,61,1.000000e+00,6.991866e-06,9.989498e-01,0
1.644292e-01,2.383057e-01,-2.744517e-02,-8.976976e-01,3.125000e-04,1.263487e-01,1.016576e-01,2.008888e+00,7.424705e-02,295,61,1.000000e+00,5.811892e-06,9.980674e-01,0
1.644292e-01,2.407884e-01,-2.933886e-02,-9.925565e-01,3.125000e-04,1.264824e-01,1.017781e-01,2.009724e+00,7.416537e-02,296,61,1.000000e+00,4.552221e-06,9.973823e-01,0
1.644292e-01,2.432672e-01,-3.112895e-02,-1.069418e+00,3.125000e-04,1.266305e-01,1.019137e-01,2.010655e+00,7.407531e-02,297,61,1.000000e+00,3.209392e-06,9.969055e-01,0
1.644292e-01,2.457415e-01,-3.281761e-02,-1.126886e+00,3.125000e-04,1.267890e-01,1.020599e-01,2.011652e+00,7.397929e-02,298,60,1.000000e+00,1.782771e-06,9.966459e-01,0
1.644292e-01,2.482109e-01,-3.440497e-02,-1.163793e+00,3.125000e-04,1.269535e-01,1.022120e-01,2.012688e+00,7.387986e-02,299,60,1.000000e+00,2.766205e-07,9.966097e-01,0
1.644292e-01,2.506748e-01,-3.588980e-02,-1.178806e+00,3.125000e-04,1.271192e-01,1.023651e-01,2.013731e+00,7.377971e-02,300,60,1.000000e+00,-1.298497e-06,9.968009e-01,0
1.644292e-01,2.531329e-01,-3.726965e-02,-1.170846e+00,3.125000e-04,1.272814e-01,1.025140e-01,2.014752e+00,7.368162e-02,301,59,1.000000e+00,-2.925089e-06,9.972211e-01,0
1.644292e-01,2.555847e-01,-3.854114e-02,-1.139150e+00,3.125000e-04,1.274349e-01,1.026537e-01,2.015719e+00,7.358846e-02,302,59,1.000000e+00,-4.578961e-06,9.978696e-01,0
1.644292e-01,2.580301e-01,-3.969945e-02,-1.083375e+00,3.125000e-04,1.275744e-01,1.027786e-01,2.016601e+00,7.350313e-02,303,59,1.000000e+00,-6.230269e-06,9.987439e-01,0
1.644292e-01,2.604691e-01,-4.073780e-02,-1.003679e+00,3.125000e-04,1.276950e-01,1.028835e-01,2.017367e+00,7.342849e-02,304,59,1.000000e+00,-7.845337e-06,1.000161e+00,0
1.644292e-01,2.629017e-01,-4.164483e-02,-8.985987e-01,3.125000e-04,1.277913e-01,1.029633e-01,2.017989e+00,7.336736e-02,305,58,1.000000e+00,-9.389056e-06,9.988524e-01,0
1.644292e-01,2.653285e-01,-4.239950e-02,-7.733689e-01,3.125000e-04,1.278587e-01,1.030129e-01,2.018440e+00,7.332242e-02,306,58,1.000000e+00,-1.082769e-05,9.973430e-01,0
1.644292e-01,2.677502e-01,-4.298413e-02,-6.278512e-01,3.125000e-04,1.278925e-01,1.030278e-01,2.018694e+00,7.329617e-02,307,58,1.000000e+00,-1.213176e-05,9.956438e-01,0
1.644292e-01,2.701680e-01,-4.336722e-02,-4.641410e-01,3.125000e-04,1.278887e-01,1.030039e-01,2.018730e+00,7.329089e-02,308,58,1.000000e+00,-1.327874e-05,9.937669e-01,0
1.644292e-01,2.725833e-01,-4.350808e-02,-2.845739e-01,3.125000e-04,1.278438e-01,1.029374e-01,2.018529e+00,7.330863e-02,309,58,1.000000e+00,-1.425529e-05,9.917249e-01,0
1.644292e-01,2.749977e-01,-4.335018e-02,-9.157386e-02,3.125000e-04,1.277546e-01,1.028251e-01,2.018073e+00,7.335120e-02,310,58,1.000000e+00,-1.505860e-05,9.895305e-01,0
1.644292e-01,2.774133e-01,-4.281228e-02,1.202003e-01,3.125000e-04,1.276186e-01,1.026643e-01,2.017350e+00,7.342021e-02,311,57,1.000000e+00,-1.569683e-05,9.871964e-01,0
1.644292e-01,2.798321e-01,-4.184290e-02,3.336874e-01,3.125000e-04,1.274337e-01,1.024527e-01,2.016346e+00,7.351707e-02,312,57,1.000000e+00,-1.618838e-05,9.847348e-01,0
1.644292e-01,2.822561e-01,-4.035550e-02,5.543443e-01,3.125000e-04,1.271981e-01,1.021883e-01,2.015052e+00,7.364308e-02,313,57,1.000000e+00,-1.655993e-05,9.821578e-01,0
1.644292e-01,2.846874e-01,-3.828575e-02,7.807679e-01,3.125000e-04,1.269105e-01,1.018696e-01,2.013458e+00,7.379947e-02,314,58,1.000000e+00,-1.684343e-05,9.794772e-01,0
1.644292e-01,2.871274e-01,-3.555714e-02,1.012023e+00,3.125000e-04,1.265696e-01,1.014953e-01,2.011555e+00,7.398745e-02,315,58,1.000000e+00,-1.707212e-05,9.767044e-01,0
1.644292e-01,2.895775e-01,-3.210364e-02,1.247571e+00,3.125000e-04,1.261742e-01,1.010641e-01,2.009337e+00,7.420830e-02,316,58,1.000000e+00,-1.727589e-05,9.738507e-01,0
1.644292e-01,2.920386e-01,-2.785155e-02,1.505558e+00,3.125000e-04,1.257232e-01,1.005752e-01,2.006797e+00,7.446339e-02,317,57,1.000000e+00,-1.747634e-05,9.709274e-01,0
1.644292e-01,2.945111e-01,-2.278856e-02,1.750186e+00,3.125000e-04,1.252154e-01,1.000276e-01,2.003928e+00,7.475423e-02,318,57,1.000000e+00,-1.768225e-05,9.679459e-01,0
1.644292e-01,2.969951e-01,-1.695887e-02,1.998617e+00,3.125000e-04,1.246497e-01,9.942064e-02,2.000726e+00,7.508242e-02,319,57,1.000000e+00,-1.788597e-05,9.649176e-01,0
1.644292e-01,2.994901e-01,-1.039079e-02,2.250199e+00,3.125000e-04,1.240251e-01,9.875396e-02,1.997185e+00,7.544966e-02,320,57,1.000000e+00,-1.806185e-05,9.618538e-01,0
1.644292e-01,3.019960e-01,-3.138481e-03,2.503735e+00,3.125000e-04,1.233407e-01,9.802730e-02,1.993300e+00,7.585771e-02,321,57,1.000000e+00,-1.816693e-05,9.587657e-01,0
1.644292e-01,3.045126e-01,4.709321e-03,2.757210e+00,3.125000e-04,1.225959e-01,9.724095e-02,1.989066e+00,7.630823e-02,322,58,1.000000e+00,-1.814435e-05,9.556643e-01,0
1.644292e-01,3.070400e-01,1.304225e-02,3.007754e+00,3.125000e-04,1.217908e-01,9.639566e-02,1.984481e+00,7.680271e-02,323,58,1.000000e+00,-1.792944e-05,9.525603e-01,0
1.644292e-01,3.095793e-01,2.175522e-02,3.288004e+00,3.125000e-04,1.209259e-01,9.549262e-02,1.979541e+00,7.734245e-02,324,57,1.000000e+00,-1.745764e-05,9.494634e-01,0
1.644292e-01,3.121318e-01,3.087333e-02,3.521468e+00,3.125000e-04,1.200026e-01,9.453383e-02,1.974244e+00,7.792823e-02,325,57,1.000000e+00,-1.667371e-05,9.463832e-01,0
1.644292e-01,3.147014e-01,4.017289e-02,3.739065e+00,3.125000e-04,1.190229e-01,9.352141e-02,1.968588e+00,7.856081e-02,326,57,1.000000e+00,-1.553997e-05,9.433283e-01,0
1.644292e-01,3.172912e-01,4.956538e-02,3.936113e+00,3.125000e-04,1.179897e-01,9.245851e-02,1.962575e+00,7.924016e-02,327,58,1.000000e+00,-1.404466e-05,9.403076e-01,0
1.644292e-01,3.199045e-01,5.900302e-02,4.108023e+00,3.125000e-04,1.169075e-01,9.134922e-02,1.956218e+00,7.996552e-02,328,58,1.000000e+00,-1.220786e-05,9.373300e-01,0
1.644292e-01,3.225474e-01,6.850251e-02,4.251195e+00,3.125000e-04,1.157802e-01,9.019716e-02,1.949525e+00,8.073625e-02,329,58,1.000000e+00,-1.008192e-05,9.344035e-01,0
1.644292e-01,3.252246e-01,7.814018e-02,4.362977e+00,3.125000e-04,1.146130e-01,8.900697e-02,1.942514e+00,8.155088e-02,330,58,1.000000e+00,-7.752915e-06,9.315367e-01,0
1.644292e-01,3.279415e-01,8.808282e-02,4.492131e+00,3.125000e-04,1.134113e-01,8.778330e-02,1.935212e+00,8.240772e-02,331,58,1.000000e+00,-5.334681e-06,9.287382e-01,0
1.644292e-01,3.306995e-01,9.849922e-02,4.539415e+00,3.125000e-04,1.121819e-01,8.653235e-02,1.927667e+00,8.330386e-02,332,58,1.000000e+00,-2.963273e-06,9.260170e-01,0
1.644292e-01,3.335080e-01,1.094020e-01,4.558179e+00,3.125000e-04,1.109273e-01,8.525624e-02,1.919887e+00,8.423932e-02,333,58,1.000000e+00,-7.747618e-07,9.233777e-01,0
1.644292e-01,3.363620e-01,1.208691e-01,4.553167e+00,3.125000e-04,1.096556e-01,8.396283e-02,1.911955e+00,8.520992e-02,334,58,1.000000e+00,1.091692e-06,9.208287e-01,0
1.644292e-01,3.392664e-01,1.330770e-01,4.531208e+00,3.125000e-04,1.083686e-01,8.265411e-02,1.903888e+00,8.621594e-02,335,59,1.000000e+00,2.530200e-06,9.183700e-01,0
1.644292e-01,3.422112e-01,1.460572e-01,4.500145e+00,3.125000e-04,1.070731e-01,8.133749e-02,1.895768e+00,8.725366e-02,336,59,1.000000e+00,3.469062e-06,9.160022e-01,0
1.644292e-01,3.452009e-01,1.599303e-01,4.469009e+00,3.125000e-04,1.057671e-01,8.001217e-02,1.887585e+00,8.832607e-02,337,59,1.000000e+00,3.897548e-06,9.137153e-01,0
1.644292e-01,3.482292e-01,1.747038e-01,4.445386e+00,3.125000e-04,1.044520e-01,7.868084e-02,1.879356e+00,8.943383e-02,338,59,1.000000e+00,3.861765e-06,9.115000e-01,0
1.644292e-01,3.512860e-01,1.901001e-01,4.435510e+00,3.125000e-04,1.031289e-01,7.734662e-02,1.871094e+00,9.057748e-02,339,59,1.000000e+00,3.469452e-06,9.093423e-01,0
1.644292e-01,3.543777e-01,2.062037e-01,4.443281e+00,3.125000e-04,1.017912e-01,7.600477e-02,1.862718e+00,9.176454e-02,340,60,1.000000e+00,2.875475e-06,9.072215e-01,0
1.644292e-01,3.574798e-01,2.222564e-01,4.469385e+00,3.125000e-04,1.004462e-01,7.466404e-02,1.854273e+00,9.299089e-02,341,60,1.000000e+00,2.271062e-06,9.051222e-01,0
1.644292e-01,3.606036e-01,2.383330e-01,4.511825e+00,3.125000e-04,9.908589e-02,7.331809e-02,1.845646e+00,9.426557e-02,342,60,1.000000e+00,1.846287e-06,9.030172e-01,0
1.644292e-01,3.637396e-01,2.539638e-01,4.567276e+00,3.125000e-04,9.771332e-02,7.197060e-02,1.836827e+00,9.558834e-02,343,60,1.000000e+00,1.773132e-06,9.008884e-01,0
1.644292e-01,3.669083e-01,2.704503e-01,4.706345e+00,3.125000e-04,9.632026e-02,7.061388e-02,1.827703e+00,9.696941e-02,344,60,1.000000e+00,2.178998e-06,8.987156e-01,0
1.644292e-01,3.701193e-01,2.859244e-01,4.766220e+00,3.125000e-04,9.490533e-02,6.924643e-02,1.818233e+00,9.841416e-02,345,60,1.000000e+00,3.134441e-06,8.964921e-01,0
1.644292e-01,3.733611e-01,3.000496e-01,4.815098e+00,3.125000e-04,9.347841e-02,6.787715e-02,1.808501e+00,9.991593e-02,346,60,1.000000e+00,4.626851e-06,8.942196e-01,0
1.644292e-01,3.766567e-01,3.134233e-01,4.848016e+00,3.125000e-04,9.203574e-02,6.650137e-02,1.798479e+00,1.014818e-01,347,60,1.000000e+00,6.582836e-06,8.918946e-01,0
1.644292e-01,3.800206e-01,3.262209e-01,4.858870e+00,3.125000e-04,9.057850e-02,6.511912e-02,1.788206e+00,1.031141e-01,348,61,1.000000e+00,8.867600e-06,8.895260e-01,0
1.644292e-01,3.834633e-01,3.388096e-01,4.844882e+00,3.125000e-04,8.911029e-02,6.373259e-02,1.777771e+00,1.048127e-01,349,61,1.000000e+00,1.129720e-05,8.871295e-01,0
1.644292e-01,3.869933e-01,3.515046e-01,4.805392e+00,3.125000e-04,8.763552e-02,6.234488e-02,1.767273e+00,1.065758e-01,350,61,1.000000e+00,1.365915e-05,8.847245e-01,0
1.644292e-01,3.906408e-01,3.662018e-01,4.829823e+00,3.125000e-04,8.614903e-02,6.095038e-02,1.756694e+00,1.084132e-01,351,61,1.000000e+00,1.574804e-05,8.823319e-01,0
1.644292e-01,3.944283e-01,3.826238e-01,4.746206e+00,3.125000e-04,8.464803e-02,5.954618e-02,1.746037e+00,1.103334e-01,352,61,1.000000e+00,1.736132e-05,8.799826e-01,0
1.644292e-01,3.983061e-01,3.995678e-01,4.653100e+00,3.125000e-04,8.315576e-02,5.815430e-02,1.735588e+00,1.123111e-01,353,61,1.000000e+00,1.831482e-05,8.777102e-01,0
1.644292e-01,4.022818e-01,4.181596e-01,4.560847e+00,3.125000e-04,8.166890e-02,5.677258e-02,1.725315e+00,1.143533e-01,354,61,1.000000e+00,1.853259e-05,8.755145e-01,0
1.644292e-01,4.063244e-01,4.381773e-01,4.480224e+00,3.125000e-04,8.019535e-02,5.540997e-02,1.715282e+00,1.164519e-01,355,61,1.000000e+00,1.803115e-05,8.733887e-01,0
1.644292e-01,4.104197e-01,4.596595e-01,4.420595e+00,3.125000e-04,7.873358e-02,5.406707e-02,1.705420e+00,1.186113e-01,356,62,1.000000e+00,1.693397e-05,8.713035e-01,0
1.644292e-01,4.145252e-01,4.819744e-01,4.387425e+00,3.125000e-04,7.729032e-02,5.275221e-02,1.695722e+00,1.208238e-01,357,62,1.000000e+00,1.546374e-05,8.692169e-01,0
1.644292e-01,4.186506e-01,5.047291e-01,4.382909e+00,3.125000e-04,7.585375e-02,5.145650e-02,1.685953e+00,1.231101e-01,358,62,1.000000e+00,1.388437e-05,8.670668e-01,0
1.644292e-01,4.227828e-01,5.273908e-01,4.405452e+00,3.125000e-04,7.442162e-02,5.017939e-02,1.675985e+00,1.254778e-01,359,62,1.000000e+00,1.248544e-05,8.647981e-01,0
1.644292e-01,4.269192e-01,5.518259e-01,4.555810e+00,3.125000e-04,7.299053e-02,4.891861e-02,1.665724e+00,1.279359e-01,360,62,1.000000e+00,1.153049e-05,8.623567e-01,0
1.644292e-01,4.312178e-01,5.768733e-01,4.617290e+00,3.125000e-04,7.150451e-02,4.762582e-02,1.654562e+00,1.305927e-01,361,62,1.000000e+00,1.122404e-05,8.596916e-01,0
1.644292e-01,4.354924e-01,5.979060e-01,4.679096e+00,3.125000e-04,7.002969e-02,4.635867e-02,1.643071e+00,1.333429e-01,362,62,1.000000e+00,1.173186e-05,8.568351e-01,0
1.644292e-01,4.398517e-01,6.175896e-01,4.735261e+00,3.125000e-04,6.853314e-02,4.508788e-02,1.630993e+00,1.362552e-01,363,63,1.000000e+00,1.309267e-05,8.537355e-01,0
1.644292e-01,4.442609e-01,6.353329e-01,4.775242e+00,3.125000e-04,6.703383e-02,4.382852e-02,1.618667e+00,1.393041e-01,364,63,1.000000e+00,1.523726e-05,8.503983e-01,0
1.644292e-01,4.488870e-01,6.528242e-01,4.796897e+00,3.125000e-04,6.548448e-02,4.254003e-02,1.605624e+00,1.426016e-01,365,64,1.000000e+00,1.812578e-05,8.468057e-01,0
1.644292e-01,4.536045e-01,6.692409e-01,4.790771e+00,3.125000e-04,6.393820e-02,4.126557e-02,1.592715e+00,1.460521e-01,366,64,1.000000e+00,2.149377e-05,8.430363e-01,0
1.644292e-01,4.589983e-01,6.977785e-01,4.881526e+00,3.125000e-04,6.222146e-02,3.986229e-02,1.577897e+00,1.500770e-01,367,64,1.000000e+00,2.553165e-05,8.390703e-01,0
1.644292e-01,4.641724e-01,7.166940e-01,4.812610e+00,3.125000e-04,6.063331e-02,3.857374e-02,1.564849e+00,1.540081e-01,368,64,1.000000e+00,2.929243e-05,8.352411e-01,0
1.644292e-01,4.692888e-01,7.347598e-01,4.717995e+00,3.125000e-04,5.912321e-02,3.735618e-02,1.553109e+00,1.579419e-01,369,65,1.000000e+00,3.265648e-05,8.313787e-01,0
1.644292e-01,4.749537e-01,7.658485e-01,4.722268e+00,3.125000e-04,5.752217e-02,3.607291e-02,1.540482e+00,1.623309e-01,370,64,1.000000e+00,3.574836e-05,8.273676e-01,0
1.644292e-01,4.805956e-01,7.895596e-01,4.593185e+00,3.125000e-04,5.599951e-02,3.485986e-02,1.529166e+00,1.667426e-01,371,65,1.000000e+00,3.801150e-05,8.234343e-01,0
1.644292e-01,4.866828e-01,8.247164e-01,4.583577e+00,3.125000e-04,5.443037e-02,3.361815e-02,1.517563e+00,1.715416e-01,372,64,1.000000e+00,3.944622e-05,8.194961e-01,0
1.644292e-01,4.930858e-01,8.577380e-01,4.462714e+00,3.125000e-04,5.285151e-02,3.237929e-02,1.506106e+00,1.766614e-01,373,65,1.000000e+00,3.984262e-05,8.156881e-01,0
1.644292e-01,4.994491e-01,8.907080e-01,4.489737e+00,3.125000e-04,5.134105e-02,3.120677e-02,1.495573e+00,1.818552e-01,374,64,1.000000e+00,3.923614e-05,8.120684e-01,0
1.644292e-01,5.062049e-01,9.349631e-01,4.427573e+00,3.125000e-04,4.978448e-02,3.001505e-02,1.484582e+00,1.875321e-01,375,65,1.000000e+00,3.776923e-05,8.085184e-01,0
1.644292e-01,5.128485e-01,9.723255e-01,4.403783e+00,3.125000e-04,4.828463e-02,2.888637e-02,1.473951e+00,1.933539e-01,376,66,1.000000e+00,3.587301e-05,8.050778e-01,0
1.644292e-01,5.193754e-01,1.008637e+00,4.532683e+00,3.125000e-04,4.682716e-02,2.781104e-02,1.463257e+00,1.993698e-01,377,65,1.000000e+00,3.400305e-05,8.015758e-01,0
1.644292e-01,5.258989e-01,1.044679e+00,4.565983e+00,3.125000e-04,4.537651e-02,2.676376e-02,1.451946e+00,2.057420e-01,378,66,1.000000e+00,3.258741e-05,7.978404e-01,0
1.644292e-01,5.324919e-01,1.076170e+00,4.619290e+00,3.125000e-04,4.391124e-02,2.573026e-02,1.439696e+00,2.126103e-01,379,68,1.000000e+00,3.209362e-05,7.937464e-01,0
1.644292e-01,5.395278e-01,1.106663e+00,4.575645e+00,3.125000e-04,4.234833e-02,2.465492e-02,1.425823e+00,2.204629e-01,380,70,1.000000e+00,3.312386e-05,7.891949e-01,0
1.644292e-01,5.475588e-01,1.151209e+00,4.550044e+00,3.125000e-04,4.057364e-02,2.346666e-02,1.409653e+00,2.301024e-01,381,72,1.000000e+00,3.689221e-05,7.841757e-01,0
1.644292e-01,5.556145e-01,1.199279e+00,4.722773e+00,3.125000e-04,3.882238e-02,2.232679e-02,1.393124e+00,2.404726e-01,382,73,1.000000e+00,4.408884e-05,7.788724e-01,0
1.644292e-01,5.635617e-01,1.241125e+00,4.851863e+00,3.125000e-04,3.715028e-02,2.126773e-02,1.376769e+00,2.512897e-01,383,74,1.000000e+00,5.489230e-05,7.730436e-01,0
1.644292e-01,5.715903e-01,1.277825e+00,4.928313e+00,3.125000e-04,3.554697e-02,2.027920e-02,1.360902e+00,2.626210e-01,384,76,1.000000e+00,6.888655e-05,7.664021e-01,0
1.644292e-01,5.799926e-01,1.311767e+00,4.948175e+00,3.125000e-04,3.398657e-02,1.934392e-02,1.346020e+00,2.746781e-01,385,77,1.000000e+00,8.493834e-05,7.587532e-01,0
1.644292e-01,5.891475e-01,1.346501e+00,4.909884e+00,3.125000e-04,3.243627e-02,1.844350e-02,1.332868e+00,2.878061e-01,386,79,1.000000e+00,1.013757e-04,7.500467e-01,0
1.644292e-01,5.994999e-01,1.386672e+00,4.814480e+00,3.125000e-04,3.086487e-02,1.756345e-02,1.322640e+00,3.024559e-01,387,80,1.000000e+00,1.160128e-04,7.404655e-01,0
1.644292e-01,6.115330e-01,1.438082e+00,4.670805e+00,3.125000e-04,2.924683e-02,1.669422e-02,1.317333e+00,3.191805e-01,388,82,1.000000e+00,1.261041e-04,7.304823e-01,0
1.644292e-01,6.257056e-01,1.507535e+00,4.505579e+00,3.125000e-04,2.756043e-02,1.582673e-02,1.320163e+00,3.386958e-01,389,85,1.000000e+00,1.285740e-04,7.207662e-01,0
1.644292e-01,6.423050e-01,1.601640e+00,4.373270e+00,3.125000e-04,2.578364e-02,1.494333e-02,1.335597e+00,3.620136e-01,390,87,1.000000e+00,1.211247e-04,7.118461e-01,0
1.644292e-01,6.611679e-01,1.723239e+00,4.347503e+00,3.125000e-04,2.390128e-02,1.401403e-02,1.368058e+00,3.904943e-01,391,91,1.000000e+00,1.052905e-04,7.036278e-01,0
1.644292e-01,6.813677e-01,1.865762e+00,4.470265e+00,3.125000e-04,2.194900e-02,1.302359e-02,1.418897e+00,4.251861e-01,392,97,1.000000e+00,9.048435e-05,6.952733e-01,0
1.644292e-01,7.012866e-01,2.011827e+00,4.695268e+00,3.125000e-04,2.006945e-02,1.202738e-02,1.484105e+00,4.649539e-01,393,105,1.000000e+00,8.968632e-05,6.861480e-01,0
1.644292e-01,7.193269e-01,2.142468e+00,4.927392e+00,3.125000e-04,1.845096e-02,1.113699e-02,1.555853e+00,5.056885e-01,394,114,1.000000e+00,1.048292e-04,6.769817e-01,0
1.644292e-01,7.345992e-01,2.247480e+00,5.110186e+00,3.125000e-04,1.718443e-02,1.042374e-02,1.625797e+00,5.429238e-01,395,123,1.000000e+00,1.268463e-04,6.692287e-01,0
1.644292e-01,7.469472e-01,2.325763e+00,5.236925e+00,3.125000e-04,1.624578e-02,9.888402e-03,1.687359e+00,5.742757e-01,396,131,1.000000e+00,1.479385e-04,6.637642e-01,0
1.644292e-01,7.566103e-01,2.380555e+00,5.320065e+00,3.125000e-04,1.556739e-02,9.498974e-03,1.736720e+00,5.992993e-01,397,138,1.000000e+00,1.651447e-04,6.606959e-01,0
1.644292e-01,7.639533e-01,2.416054e+00,5.373272e+00,3.125000e-04,1.508457e-02,9.220900e-03,1.772713e+00,6.184910e-01,398,143,1.000000e+00,1.781645e-04,6.597557e-01,0
1.644292e-01,7.693466e-01,2.436121e+00,5.406805e+00,3.125000e-04,1.474745e-02,9.026420e-03,1.796114e+00,6.326476e-01,399,147,1.000000e+00,1.875588e-04,0.000000e+00,0
