time [s],pos_x [m],vel_x [m/s],acc_x [m/s^2],mass [kg],dens [kg/m^3],pres [Pa],ene [J/kg],sml [m],id,neighbor,alpha,gradh,shockSensor,ene_floored
2.079440e-01,-4.983908e-01,2.723764e-03,6.010761e-03,2.500000e-03,5.152703e-01,5.152708e-01,2.500007e+00,1.456320e-01,0,59,1.000000e+00,-1.714538e-04,0.000000e+00,0
2.079440e-01,-4.958343e-01,3.087779e-03,6.177090e-03,2.500000e-03,5.406411e-01,5.406416e-01,2.500008e+00,1.388126e-01,1,57,1.000000e+00,-4.862909e-04,8.145860e-01,0
2.079440e-01,-4.932844e-01,3.403308e-03,6.234092e-03,2.500000e-03,5.683748e-01,5.683753e-01,2.500007e+00,1.320533e-01,2,56,1.000000e+00,-8.258169e-04,8.169139e-01,0
2.079440e-01,-4.907425e-01,3.661451e-03,6.178036e-03,2.500000e-03,5.985905e-01,5.985910e-01,2.500007e+00,1.254007e-01,3,54,1.000000e+00,-1.185161e-03,8.196693e-01,0
2.079440e-01,-4.882113e-01,3.846949e-03,5.998000e-03,2.500000e-03,6.312922e-01,6.312927e-01,2.500005e+00,1.189164e-01,4,52,1.000000e+00,-1.554584e-03,8.229480e-01,0
2.079440e-01,-4.856947e-01,3.934217e-03,5.693962e-03,2.500000e-03,6.662971e-01,6.662977e-01,2.500003e+00,1.126780e-01,5,51,1.000000e+00,-1.917686e-03,8.268576e-01,0
2.079440e-01,-4.831974e-01,3.889052e-03,5.217165e-03,2.500000e-03,7.031599e-01,7.031604e-01,2.500000e+00,1.067764e-01,6,49,1.000000e+00,-2.250126e-03,8.315113e-01,0
2.079440e-01,-4.807242e-01,3.677976e-03,4.556807e-03,2.500000e-03,7.411260e-01,7.411266e-01,2.499997e+00,1.013079e-01,7,48,1.000000e+00,-2.522362e-03,8.370150e-01,0
2.079440e-01,-4.782764e-01,3.293701e-03,3.806157e-03,2.500000e-03,7.791789e-01,7.791795e-01,2.499994e+00,9.635782e-02,8,47,1.000000e+00,-2.704852e-03,8.434497e-01,0
2.079440e-01,-4.758502e-01,2.770450e-03,3.083451e-03,2.500000e-03,8.161614e-01,8.161620e-01,2.499991e+00,9.198670e-02,9,46,1.000000e+00,-2.776158e-03,8.508548e-01,0
2.079440e-01,-4.734372e-01,2.173173e-03,2.478901e-03,2.500000e-03,8.509321e-01,8.509327e-01,2.499989e+00,8.822251e-02,10,46,1.000000e+00,-2.729710e-03,8.592143e-01,0
2.079440e-01,-4.710283e-01,1.556252e-03,1.901654e-03,2.500000e-03,8.824876e-01,8.824883e-01,2.499988e+00,8.506316e-02,11,46,1.000000e+00,-2.576289e-03,8.684455e-01,0
2.079440e-01,-4.686157e-01,9.724056e-04,1.411751e-03,2.500000e-03,9.101090e-01,9.101097e-01,2.499989e+00,8.247807e-02,12,46,1.000000e+00,-2.341609e-03,8.783980e-01,0
2.079440e-01,-4.661935e-01,4.596190e-04,9.958308e-04,2.500000e-03,9.334456e-01,9.334464e-01,2.499991e+00,8.041383e-02,13,46,1.000000e+00,-2.057352e-03,8.888654e-01,0
2.079440e-01,-4.637588e-01,3.307263e-05,6.361752e-04,2.500000e-03,9.525005e-01,9.525015e-01,2.499994e+00,7.880360e-02,14,46,1.000000e+00,-1.756076e-03,8.996081e-01,0
2.079440e-01,-4.613118e-01,-3.112807e-04,3.233795e-04,2.500000e-03,9.675740e-01,9.675751e-01,2.499998e+00,7.757459e-02,15,47,1.000000e+00,-1.464492e-03,9.103796e-01,0
2.079440e-01,-4.588547e-01,-5.893178e-04,4.820222e-05,2.500000e-03,9.791764e-01,9.791777e-01,2.500002e+00,7.665379e-02,16,47,1.000000e+00,-1.202150e-03,9.209525e-01,0
2.079440e-01,-4.563900e-01,-8.194937e-04,-1.967618e-04,2.500000e-03,9.878896e-01,9.878911e-01,2.500005e+00,7.597560e-02,17,48,1.000000e+00,-9.725850e-04,9.311351e-01,0
2.079440e-01,-4.539198e-01,-1.015608e-03,-4.176590e-04,2.500000e-03,9.942426e-01,9.942442e-01,2.500008e+00,7.548748e-02,18,49,1.000000e+00,-7.737624e-04,9.407741e-01,0
2.079440e-01,-4.514455e-01,-1.187009e-03,-6.082153e-04,2.500000e-03,9.986955e-01,9.986973e-01,2.500010e+00,7.514770e-02,19,49,1.000000e+00,-6.032745e-04,9.497529e-01,0
2.079440e-01,-4.489679e-01,-1.339878e-03,-7.636030e-04,2.500000e-03,1.001641e+00,1.001643e+00,2.500012e+00,7.492305e-02,20,50,1.000000e+00,-4.586608e-04,9.579888e-01,0
2.079440e-01,-4.464875e-01,-1.478764e-03,-9.124250e-04,2.500000e-03,1.003409e+00,1.003411e+00,2.500014e+00,7.478693e-02,21,51,1.000000e+00,-3.374897e-04,9.654298e-01,0
2.079440e-01,-4.440046e-01,-1.606241e-03,-1.026030e-03,2.500000e-03,1.004276e+00,1.004279e+00,2.500014e+00,7.471788e-02,22,52,1.000000e+00,-2.375031e-04,9.720511e-01,0
2.079440e-01,-4.415192e-01,-1.722992e-03,-1.162115e-03,2.500000e-03,1.004474e+00,1.004476e+00,2.500015e+00,7.469853e-02,23,53,1.000000e+00,-1.566014e-04,9.778515e-01,0
2.079440e-01,-4.390309e-01,-1.828486e-03,-1.317664e-03,2.500000e-03,1.004190e+00,1.004193e+00,2.500015e+00,7.471476e-02,24,54,1.000000e+00,-9.280012e-05,9.828505e-01,0
2.079440e-01,-4.365394e-01,-1.920259e-03,-1.513441e-03,2.500000e-03,1.003582e+00,1.003585e+00,2.500014e+00,7.475510e-02,25,55,1.000000e+00,-4.417226e-05,9.870842e-01,0
2.079440e-01,-4.340443e-01,-1.994627e-03,-1.774573e-03,2.500000e-03,1.002775e+00,1.002778e+00,2.500013e+00,7.481032e-02,26,56,1.000000e+00,-8.784389e-06,9.906026e-01,0
2.079440e-01,-4.315453e-01,-2.047145e-03,-2.100770e-03,2.500000e-03,1.001869e+00,1.001871e+00,2.500012e+00,7.487311e-02,27,57,1.000000e+00,1.537719e-05,9.934661e-01,0
2.079440e-01,-4.290419e-01,-2.073465e-03,-2.469187e-03,2.500000e-03,1.000939e+00,1.000942e+00,2.500010e+00,7.493785e-02,28,58,1.000000e+00,3.049671e-05,9.957427e-01,0
2.079440e-01,-4.265350e-01,-2.076541e-03,-2.849247e-03,2.500000e-03,1.000042e+00,1.000044e+00,2.500009e+00,7.500049e-02,29,59,1.000000e+00,3.902321e-05,9.975042e-01,0
2.079440e-01,-4.240250e-01,-2.059269e-03,-3.250530e-03,2.500000e-03,9.992111e-01,9.992134e-01,2.500007e+00,7.505852e-02,30,60,1.000000e+00,4.377625e-05,9.988238e-01,0
2.079440e-01,-4.215140e-01,-2.042112e-03,-3.782467e-03,2.500000e-03,9.984624e-01,9.984646e-01,2.500006e+00,7.511080e-02,31,60,1.000000e+00,4.708390e-05,9.997712e-01,0
2.079440e-01,-4.189985e-01,-1.991147e-03,-4.350631e-03,2.500000e-03,9.978019e-01,9.978040e-01,2.500005e+00,7.515689e-02,32,60,1.000000e+00,4.908105e-05,1.000412e+00,0
2.079440e-01,-4.164787e-01,-1.900117e-03,-4.907386e-03,2.500000e-03,9.972345e-01,9.972365e-01,2.500003e+00,7.519642e-02,33,60,1.000000e+00,4.981726e-05,1.000804e+00,0
2.079440e-01,-4.139548e-01,-1.762642e-03,-5.347880e-03,2.500000e-03,9.967633e-01,9.967651e-01,2.500002e+00,7.522918e-02,34,61,1.000000e+00,4.936805e-05,1.001000e+00,0
2.079440e-01,-4.114275e-01,-1.577093e-03,-5.504875e-03,2.500000e-03,9.963893e-01,9.963909e-01,2.500001e+00,7.525509e-02,35,61,1.000000e+00,4.783992e-05,1.001045e+00,0
2.079440e-01,-4.088985e-01,-1.352132e-03,-5.236453e-03,2.500000e-03,9.961110e-01,9.961125e-01,2.500001e+00,7.527425e-02,36,61,1.000000e+00,4.536784e-05,1.000977e+00,0
2.079440e-01,-4.063695e-01,-1.106649e-03,-4.564991e-03,2.500000e-03,9.959251e-01,9.959264e-01,2.500000e+00,7.528691e-02,37,61,1.000000e+00,4.210977e-05,1.000831e+00,0
2.079440e-01,-4.038424e-01,-8.629582e-04,-3.665262e-03,2.500000e-03,9.958259e-01,9.958270e-01,2.500000e+00,7.529349e-02,38,61,1.000000e+00,3.823472e-05,9.993656e-01,0
2.079440e-01,-4.013186e-01,-6.401118e-04,-2.702628e-03,2.500000e-03,9.958058e-01,9.958068e-01,2.500000e+00,7.529451e-02,39,61,1.000000e+00,3.390899e-05,9.995892e-01,0
2.079440e-01,-3.987988e-01,-4.505777e-04,-1.809904e-03,2.500000e-03,9.958562e-01,9.958571e-01,2.500000e+00,7.529061e-02,40,61,1.000000e+00,2.928183e-05,9.998227e-01,0
2.079440e-01,-3.962833e-01,-2.994104e-04,-1.063992e-03,2.500000e-03,9.959676e-01,9.959684e-01,2.500000e+00,7.528244e-02,41,61,1.000000e+00,2.448370e-05,1.000052e+00,0
2.079440e-01,-3.937717e-01,-1.848767e-04,-4.819432e-04,2.500000e-03,9.961305e-01,9.961311e-01,2.500000e+00,7.527071e-02,42,61,1.000000e+00,1.962904e-05,9.997316e-01,0
2.079440e-01,-3.912634e-01,-1.028468e-04,-5.806274e-05,2.500000e-03,9.963350e-01,9.963355e-01,2.500000e+00,7.525610e-02,43,61,1.000000e+00,1.482209e-05,9.995365e-01,0
2.079440e-01,-3.887576e-01,-4.586978e-05,2.345615e-04,2.500000e-03,9.965722e-01,9.965726e-01,2.500000e+00,7.523924e-02,44,61,1.000000e+00,1.016063e-05,9.993669e-01,0
2.079440e-01,-3.862537e-01,-7.910707e-06,4.251540e-04,2.500000e-03,9.968331e-01,9.968335e-01,2.500000e+00,7.522078e-02,45,61,1.000000e+00,5.741351e-06,9.992252e-01,0
2.079440e-01,-3.837512e-01,1.502595e-05,4.663210e-04,2.500000e-03,9.971097e-01,9.971099e-01,2.500000e+00,7.520127e-02,46,61,1.000000e+00,1.659413e-06,9.991126e-01,0
2.079440e-01,-3.812497e-01,2.503863e-05,4.279360e-04,2.500000e-03,9.973941e-01,9.973943e-01,2.500000e+00,7.518127e-02,47,61,1.000000e+00,-1.990726e-06,9.990288e-01,0
2.079440e-01,-3.787490e-01,2.842861e-05,3.958581e-04,2.500000e-03,9.976794e-01,9.976796e-01,2.500000e+00,7.516126e-02,48,60,1.000000e+00,-5.131038e-06,9.989725e-01,0
2.079440e-01,-3.762486e-01,2.867490e-05,3.659934e-04,2.500000e-03,9.979592e-01,9.979594e-01,2.500000e+00,7.514168e-02,49,60,1.000000e+00,-7.707334e-06,9.989420e-01,0
2.079440e-01,-3.737486e-01,2.722559e-05,3.345322e-04,2.500000e-03,9.982282e-01,9.982283e-01,2.500000e+00,7.512290e-02,50,60,1.000000e+00,-9.692469e-06,9.989347e-01,0
2.079440e-01,-3.712486e-01,2.481336e-05,3.015629e-04,2.500000e-03,9.984817e-01,9.984818e-01,2.500000e+00,7.510523e-02,51,60,1.000000e+00,-1.108827e-05,9.989478e-01,0
2.079440e-01,-3.687488e-01,2.191912e-05,2.693259e-04,2.500000e-03,9.987165e-01,9.987165e-01,2.500000e+00,7.508891e-02,52,60,1.000000e+00,-1.192422e-05,9.989782e-01,0
2.079440e-01,-3.662489e-01,1.887192e-05,2.377652e-04,2.500000e-03,9.989301e-01,9.989301e-01,2.500000e+00,7.507408e-02,53,60,1.000000e+00,-1.225271e-05,9.990229e-01,0
2.079440e-01,-3.637491e-01,1.587696e-05,2.076657e-04,2.500000e-03,9.991212e-01,9.991212e-01,2.500000e+00,7.506083e-02,54,60,1.000000e+00,-1.214239e-05,9.990787e-01,0
2.079440e-01,-3.612493e-01,1.306877e-05,1.808534e-04,2.500000e-03,9.992893e-01,9.992893e-01,2.500000e+00,7.504919e-02,55,60,1.000000e+00,-1.167104e-05,9.991427e-01,0
2.079440e-01,-3.587495e-01,1.052322e-05,1.565707e-04,2.500000e-03,9.994348e-01,9.994348e-01,2.500000e+00,7.503912e-02,56,60,1.000000e+00,-1.091907e-05,9.992122e-01,0
2.079440e-01,-3.562496e-01,8.264311e-06,1.343315e-04,2.500000e-03,9.995586e-01,9.995586e-01,2.500000e+00,7.503057e-02,57,60,1.000000e+00,-9.964245e-06,9.992846e-01,0
2.079440e-01,-3.537497e-01,6.294515e-06,1.141513e-04,2.500000e-03,9.996623e-01,9.996623e-01,2.500000e+00,7.502341e-02,58,60,1.000000e+00,-8.878329e-06,9.993578e-01,0
2.079440e-01,-3.512499e-01,4.596996e-06,9.598384e-05,2.500000e-03,9.997474e-01,9.997474e-01,2.500000e+00,7.501753e-02,59,60,1.000000e+00,-7.724421e-06,9.994301e-01,0
2.079440e-01,-3.487499e-01,3.149653e-06,7.967452e-05,2.500000e-03,9.998161e-01,9.998161e-01,2.500000e+00,7.501280e-02,60,60,1.000000e+00,-6.557449e-06,9.994998e-01,0
2.079440e-01,-3.462500e-01,1.921830e-06,6.508929e-05,2.500000e-03,9.998702e-01,9.998702e-01,2.500000e+00,7.500907e-02,61,60,1.000000e+00,-5.424579e-06,9.995658e-01,0
2.079440e-01,-3.437501e-01,8.812894e-07,5.216599e-05,2.500000e-03,9.999119e-01,9.999119e-01,2.500000e+00,7.500619e-02,62,60,1.000000e+00,-4.367270e-06,9.996272e-01,0
2.079440e-01,-3.412501e-01,-1.377693e-09,4.099817e-05,2.500000e-03,9.999431e-01,9.999431e-01,2.500000e+00,7.500404e-02,63,60,1.000000e+00,-3.416346e-06,9.996835e-01,0
2.079440e-01,-3.387502e-01,-7.548061e-07,3.146553e-05,2.500000e-03,9.999658e-01,9.999658e-01,2.500000e+00,7.500247e-02,64,60,1.000000e+00,-2.591508e-06,9.997342e-01,0
2.079440e-01,-3.362502e-01,-1.396300e-06,2.300838e-05,2.500000e-03,9.999816e-01,9.999816e-01,2.500000e+00,7.500138e-02,65,60,1.000000e+00,-1.901422e-06,9.997793e-01,0
2.079440e-01,-3.337502e-01,-1.933969e-06,1.534373e-05,2.500000e-03,9.999922e-01,9.999922e-01,2.500000e+00,7.500064e-02,66,60,1.000000e+00,-1.344633e-06,9.998189e-01,0
2.079440e-01,-3.312502e-01,-2.370794e-06,8.286159e-06,2.500000e-03,9.999988e-01,9.999988e-01,2.500000e+00,7.500018e-02,67,59,1.000000e+00,-9.114062e-07,9.998531e-01,0
2.079440e-01,-3.287502e-01,-2.708728e-06,1.811995e-06,2.500000e-03,1.000003e+00,1.000003e+00,2.500000e+00,7.499991e-02,68,59,1.000000e+00,-5.862979e-07,9.998823e-01,0
2.079440e-01,-3.262503e-01,-2.950346e-06,-3.952767e-06,2.500000e-03,1.000004e+00,1.000004e+00,2.500000e+00,7.499978e-02,69,59,1.000000e+00,-3.509665e-07,9.999069e-01,0
2.079440e-01,-3.237503e-01,-3.102597e-06,-8.886308e-06,2.500000e-03,1.000005e+00,1.000005e+00,2.500000e+00,7.499973e-02,70,59,1.000000e+00,-1.867145e-07,9.999273e-01,0
2.079440e-01,-3.212502e-01,-3.175080e-06,-1.292830e-05,2.500000e-03,1.000004e+00,1.000004e+00,2.500000e+00,7.499975e-02,71,59,1.000000e+00,-7.640385e-08,9.999441e-01,0
2.079440e-01,-3.187502e-01,-3.178366e-06,-1.612069e-05,2.500000e-03,1.000004e+00,1.000004e+00,2.500000e+00,7.499979e-02,72,59,1.000000e+00,-5.553377e-09,9.999577e-01,0
2.079440e-01,-3.162502e-01,-3.121535e-06,-1.859324e-05,2.500000e-03,1.000003e+00,1.000003e+00,2.500000e+00,7.499985e-02,73,59,1.000000e+00,3.744731e-08,9.999685e-01,0
2.079440e-01,-3.137502e-01,-3.011399e-06,-2.041524e-05,2.500000e-03,1.000002e+00,1.000002e+00,2.500000e+00,7.499992e-02,74,59,1.000000e+00,6.125669e-08,9.999771e-01,0
2.079440e-01,-3.112502e-01,-2.853677e-06,-2.158385e-05,2.500000e-03,1.000001e+00,1.000001e+00,2.500000e+00,7.499998e-02,75,59,1.000000e+00,7.228549e-08,9.999837e-01,0
2.079440e-01,-3.087502e-01,-2.653808e-06,-2.206335e-05,2.500000e-03,9.999997e-01,9.999997e-01,2.500000e+00,7.500004e-02,76,59,1.000000e+00,7.514184e-08,9.999887e-01,0
2.079440e-01,-3.062502e-01,-2.418264e-06,-2.182747e-05,2.500000e-03,9.999989e-01,9.999989e-01,2.500000e+00,7.500009e-02,77,60,1.000000e+00,7.306695e-08,9.999924e-01,0
2.079440e-01,-3.037501e-01,-2.156422e-06,-2.084313e-05,2.500000e-03,9.999983e-01,9.999983e-01,2.500000e+00,7.500012e-02,78,60,1.000000e+00,6.817501e-08,9.999951e-01,0
2.079440e-01,-3.012501e-01,-1.879790e-06,-1.928429e-05,2.500000e-03,9.999978e-01,9.999978e-01,2.500000e+00,7.500016e-02,79,61,1.000000e+00,6.176057e-08,9.999970e-01,0
2.079440e-01,-2.987501e-01,-1.601201e-06,-1.722122e-05,2.500000e-03,9.999974e-01,9.999974e-01,2.500000e+00,7.500018e-02,80,61,1.000000e+00,5.462491e-08,9.999983e-01,0
2.079440e-01,-2.962501e-01,-1.332385e-06,-1.489279e-05,2.500000e-03,9.999972e-01,9.999972e-01,2.500000e+00,7.500019e-02,81,61,1.000000e+00,4.727100e-08,9.999991e-01,0
2.079440e-01,-2.937501e-01,-1.082386e-06,-1.244441e-05,2.500000e-03,9.999970e-01,9.999970e-01,2.500000e+00,7.500020e-02,82,61,1.000000e+00,4.001518e-08,9.999996e-01,0
2.079440e-01,-2.912500e-01,-8.580869e-07,-1.009135e-05,2.500000e-03,9.999969e-01,9.999969e-01,2.500000e+00,7.500020e-02,83,61,1.000000e+00,3.305329e-08,9.999999e-01,0
2.079440e-01,-2.887500e-01,-6.624134e-07,-7.895421e-06,2.500000e-03,9.999969e-01,9.999969e-01,2.500000e+00,7.500020e-02,84,61,1.000000e+00,2.650405e-08,1.000000e+00,0
2.079440e-01,-2.862500e-01,-4.970367e-07,-5.947993e-06,2.500000e-03,9.999970e-01,9.999970e-01,2.500000e+00,7.500020e-02,85,61,1.000000e+00,2.043722e-08,1.000000e+00,0
2.079440e-01,-2.837500e-01,-3.609974e-07,-4.293644e-06,2.500000e-03,9.999971e-01,9.999971e-01,2.500000e+00,7.500019e-02,86,61,1.000000e+00,1.489211e-08,9.999999e-01,0
2.079440e-01,-2.812500e-01,-2.522608e-07,-2.934292e-06,2.500000e-03,9.999973e-01,9.999973e-01,2.500000e+00,7.500018e-02,87,61,1.000000e+00,9.889051e-09,9.999998e-01,0
2.079440e-01,-2.787500e-01,-1.679582e-07,-1.855283e-06,2.500000e-03,9.999975e-01,9.999975e-01,2.500000e+00,7.500016e-02,88,61,1.000000e+00,5.435808e-09,9.999997e-01,0
2.079440e-01,-2.762500e-01,-1.046854e-07,-1.030791e-06,2.500000e-03,9.999977e-01,9.999977e-01,2.500000e+00,7.500015e-02,89,61,1.000000e+00,1.531134e-09,9.999996e-01,0
2.079440e-01,-2.737500e-01,-5.889424e-08,-4.284559e-07,2.500000e-03,9.999979e-01,9.999979e-01,2.500000e+00,7.500014e-02,90,61,1.000000e+00,-1.834155e-09,9.999996e-01,0
2.079440e-01,-2.712500e-01,-2.715346e-08,-1.305797e-08,2.500000e-03,9.999981e-01,9.999981e-01,2.500000e+00,7.500012e-02,91,61,1.000000e+00,-4.676843e-09,9.999995e-01,0
2.079440e-01,-2.687500e-01,-6.332450e-09,2.501510e-07,2.500000e-03,9.999983e-01,9.999983e-01,2.500000e+00,7.500011e-02,92,61,1.000000e+00,-7.021560e-09,9.999995e-01,0
2.079440e-01,-2.662500e-01,5.725417e-09,3.510087e-07,2.500000e-03,9.999985e-01,9.999985e-01,2.500000e+00,7.500010e-02,93,59,1.000000e+00,-8.900752e-09,9.999995e-01,0
2.079440e-01,-2.637500e-01,1.141252e-08,3.736343e-07,2.500000e-03,9.999987e-01,9.999987e-01,2.500000e+00,7.500009e-02,94,59,1.000000e+00,-1.035369e-08,9.999995e-01,0
2.079440e-01,-2.612500e-01,1.331615e-08,3.593216e-07,2.500000e-03,9.999988e-01,9.999988e-01,2.500000e+00,7.500008e-02,95,59,1.000000e+00,-1.142453e-08,9.999995e-01,0
2.079440e-01,-2.587500e-01,1.290927e-08,3.199022e-07,2.500000e-03,9.999989e-01,9.999989e-01,2.500000e+00,7.500007e-02,96,59,1.000000e+00,-1.215934e-08,9.999996e-01,0
2.079440e-01,-2.562500e-01,1.102322e-08,2.627575e-07,2.500000e-03,9.999991e-01,9.999991e-01,2.500000e+00,7.500006e-02,97,59,1.000000e+00,-1.260289e-08,9.999996e-01,0
2.079440e-01,-2.537500e-01,8.222790e-09,1.951871e-07,2.500000e-03,9.999991e-01,9.999991e-01,2.500000e+00,7.500006e-02,98,59,1.000000e+00,-1.279583e-08,9.999997e-01,0
2.079440e-01,-2.512500e-01,4.929344e-09,1.221162e-07,2.500000e-03,9.999992e-01,9.999992e-01,2.500000e+00,7.500005e-02,99,59,1.000000e+00,-1.277230e-08,9.999998e-01,0
2.079440e-01,-2.487500e-01,1.506690e-09,4.756331e-08,2.500000e-03,9.999992e-01,9.999992e-01,2.500000e+00,7.500005e-02,100,59,1.000000e+00,-1.255844e-08,9.999998e-01,0
2.079440e-01,-2.462500e-01,-1.734082e-09,-2.412863e-08,2.500000e-03,9.999992e-01,9.999992e-01,2.500000e+00,7.500005e-02,101,59,1.000000e+00,-1.217142e-08,9.999999e-01,0
2.079440e-01,-2.437500e-01,-4.499686e-09,-9.016692e-08,2.500000e-03,9.999992e-01,9.999992e-01,2.500000e+00,7.500005e-02,102,59,1.000000e+00,-1.161922e-08,1.000000e+00,0
2.079440e-01,-2.412500e-01,-6.451442e-09,-1.454881e-07,2.500000e-03,9.999992e-01,9.999992e-01,2.500000e+00,7.500005e-02,103,59,1.000000e+00,-1.090084e-08,1.000000e+00,0
2.079440e-01,-2.387500e-01,-7.197330e-09,-1.848567e-07,2.500000e-03,9.999991e-01,9.999991e-01,2.500000e+00,7.500006e-02,104,59,1.000000e+00,-1.000715e-08,1.000000e+00,0
2.079440e-01,-2.362500e-01,-6.218475e-09,-2.037636e-07,2.500000e-03,9.999990e-01,9.999990e-01,2.500000e+00,7.500006e-02,105,59,1.000000e+00,-8.922181e-09,1.000000e+00,0
2.079440e-01,-2.337500e-01,-2.635631e-09,-1.946205e-07,2.500000e-03,9.999989e-01,9.999989e-01,2.500000e+00,7.500007e-02,106,59,1.000000e+00,-7.625119e-09,1.000000e+00,0
2.079440e-01,-2.312500e-01,5.066509e-09,-1.425293e-07,2.500000e-03,9.999988e-01,9.999988e-01,2.500000e+00,7.500008e-02,107,60,1.000000e+00,-6.092485e-09,1.000000e+00,0
2.079440e-01,-2.287500e-01,1.901516e-08,1.040133e-08,2.500000e-03,9.999987e-01,9.999987e-01,2.500000e+00,7.500008e-02,108,60,1.000000e+00,-4.300375e-09,1.000000e+00,0
2.079440e-01,-2.262500e-01,4.049462e-08,2.872902e-07,2.500000e-03,9.999986e-01,9.999986e-01,2.500000e+00,7.500009e-02,109,60,1.000000e+00,-2.226158e-09,0.000000e+00,0
2.079440e-01,-2.237500e-01,7.136484e-08,6.911268e-07,2.500000e-03,9.999984e-01,9.999984e-01,2.500000e+00,7.500010e-02,110,61,1.000000e+00,1.503165e-10,9.999998e-01,0
2.079440e-01,-2.212500e-01,1.138473e-07,1.245218e-06,2.500000e-03,9.999983e-01,9.999983e-01,2.500000e+00,7.500011e-02,111,61,1.000000e+00,2.846043e-09,9.999999e-01,0
2.079440e-01,-2.187500e-01,1.702051e-07,1.968149e-06,2.500000e-03,9.999982e-01,9.999982e-01,2.500000e+00,7.500012e-02,112,61,1.000000e+00,5.874414e-09,9.999999e-01,0
2.079440e-01,-2.162500e-01,2.426067e-07,2.874483e-06,2.500000e-03,9.999981e-01,9.999981e-01,2.500000e+00,7.500013e-02,113,61,1.000000e+00,9.244894e-09,9.999999e-01,0
2.079440e-01,-2.137500e-01,3.329577e-07,3.973192e-06,2.500000e-03,9.999980e-01,9.999980e-01,2.500000e+00,7.500013e-02,114,61,1.000000e+00,1.296139e-08,1.000000e+00,0
2.079440e-01,-2.112500e-01,4.425477e-07,5.260884e-06,2.500000e-03,9.999979e-01,9.999979e-01,2.500000e+00,7.500014e-02,115,61,1.000000e+00,1.701928e-08,1.000000e+00,0
2.079440e-01,-2.087500e-01,5.716309e-07,6.719412e-06,2.500000e-03,9.999979e-01,9.999979e-01,2.500000e+00,7.500014e-02,116,61,1.000000e+00,2.140015e-08,9.999999e-01,0
2.079440e-01,-2.062500e-01,7.196351e-07,8.276553e-06,2.500000e-03,9.999980e-01,9.999980e-01,2.500000e+00,7.500014e-02,117,61,1.000000e+00,2.606257e-08,9.999997e-01,0
2.079440e-01,-2.037499e-01,8.840249e-07,9.874005e-06,2.500000e-03,9.999981e-01,9.999981e-01,2.500000e+00,7.500013e-02,118,61,1.000000e+00,3.092735e-08,9.999993e-01,0
2.079440e-01,-2.012499e-01,1.060710e-06,1.142215e-05,2.500000e-03,9.999982e-01,9.999982e-01,2.500000e+00,7.500012e-02,119,61,1.000000e+00,3.585455e-08,9.999987e-01,0
2.079440e-01,-1.987499e-01,1.243831e-06,1.274559e-05,2.500000e-03,9.999985e-01,9.999985e-01,2.500000e+00,7.500011e-02,120,61,1.000000e+00,4.060932e-08,9.999979e-01,0
2.079440e-01,-1.962499e-01,1.425619e-06,1.376904e-05,2.500000e-03,9.999988e-01,9.999988e-01,2.500000e+00,7.500009e-02,121,60,1.000000e+00,4.480786e-08,9.999966e-01,0
2.079440e-01,-1.937499e-01,1.598422e-06,1.436402e-05,2.500000e-03,9.999992e-01,9.999992e-01,2.500000e+00,7.500006e-02,122,60,1.000000e+00,4.782807e-08,9.999948e-01,0
2.079440e-01,-1.912499e-01,1.754385e-06,1.447079e-05,2.500000e-03,9.999997e-01,9.999997e-01,2.500000e+00,7.500003e-02,123,59,1.000000e+00,4.866043e-08,9.999923e-01,0
2.079440e-01,-1.887499e-01,1.887878e-06,1.409998e-05,2.500000e-03,1.000000e+00,1.000000e+00,2.500000e+00,7.500000e-02,124,59,1.000000e+00,4.569705e-08,9.999890e-01,0
2.079440e-01,-1.862499e-01,1.994634e-06,1.326342e-05,2.500000e-03,1.000001e+00,1.000001e+00,2.500000e+00,7.499996e-02,125,59,1.000000e+00,3.660754e-08,9.999847e-01,0
2.079440e-01,-1.837499e-01,2.070789e-06,1.198706e-05,2.500000e-03,1.000002e+00,1.000002e+00,2.500000e+00,7.499992e-02,126,59,1.000000e+00,1.820563e-08,9.999791e-01,0
2.079440e-01,-1.812498e-01,2.112650e-06,1.029009e-05,2.500000e-03,1.000002e+00,1.000002e+00,2.500000e+00,7.499988e-02,127,59,1.000000e+00,-1.376797e-08,9.999720e-01,0
2.079440e-01,-1.787498e-01,2.115919e-06,8.129379e-06,2.500000e-03,1.000003e+00,1.000003e+00,2.500000e+00,7.499986e-02,128,59,1.000000e+00,-6.484689e-08,9.999631e-01,0
2.079440e-01,-1.762498e-01,2.074896e-06,5.420593e-06,2.500000e-03,1.000003e+00,1.000003e+00,2.500000e+00,7.499986e-02,129,59,1.000000e+00,-1.421186e-07,9.999521e-01,0
2.079440e-01,-1.737498e-01,1.982734e-06,2.123966e-06,2.500000e-03,1.000002e+00,1.000002e+00,2.500000e+00,7.499990e-02,130,59,1.000000e+00,-2.541606e-07,9.999388e-01,0
2.079440e-01,-1.712498e-01,1.833084e-06,-1.711607e-06,2.500000e-03,1.000001e+00,1.000001e+00,2.500000e+00,7.500000e-02,131,59,1.000000e+00,-4.109288e-07,9.999228e-01,0
2.079440e-01,-1.687498e-01,1.621280e-06,-6.018210e-06,2.500000e-03,9.999980e-01,9.999980e-01,2.500000e+00,7.500020e-02,132,60,1.000000e+00,-6.232471e-07,9.999039e-01,0
2.079440e-01,-1.662498e-01,1.344543e-06,-1.069623e-05,2.500000e-03,9.999934e-01,9.999934e-01,2.500000e+00,7.500052e-02,133,60,1.000000e+00,-9.018894e-07,9.998818e-01,0
2.079440e-01,-1.637499e-01,1.001916e-06,-1.574382e-05,2.500000e-03,9.999862e-01,9.999862e-01,2.500000e+00,7.500102e-02,134,60,1.000000e+00,-1.256253e-06,9.998562e-01,0
2.079440e-01,-1.612499e-01,5.914770e-07,-2.124895e-05,2.500000e-03,9.999756e-01,9.999756e-01,2.500000e+00,7.500176e-02,135,60,1.000000e+00,-1.692780e-06,9.998270e-01,0
2.079440e-01,-1.587499e-01,1.080650e-07,-2.740209e-05,2.500000e-03,9.999606e-01,9.999606e-01,2.500000e+00,7.500280e-02,136,60,1.000000e+00,-2.213252e-06,9.997943e-01,0
2.079440e-01,-1.562499e-01,-4.591208e-07,-3.451412e-05,2.500000e-03,9.999401e-01,9.999401e-01,2.500000e+00,7.500422e-02,137,60,1.000000e+00,-2.813385e-06,9.997580e-01,0
2.079440e-01,-1.537500e-01,-1.129423e-06,-4.276267e-05,2.500000e-03,9.999128e-01,9.999128e-01,2.500000e+00,7.500610e-02,138,60,1.000000e+00,-3.481924e-06,9.997184e-01,0
2.079440e-01,-1.512500e-01,-1.926864e-06,-5.206666e-05,2.500000e-03,9.998775e-01,9.998775e-01,2.500000e+00,7.500853e-02,139,60,1.000000e+00,-4.200196e-06,9.996759e-01,0
2.079440e-01,-1.487501e-01,-2.874750e-06,-6.248592e-05,2.500000e-03,9.998329e-01,9.998329e-01,2.500000e+00,7.501161e-02,140,60,1.000000e+00,-4.942345e-06,9.996310e-01,0
2.079440e-01,-1.462502e-01,-3.993284e-06,-7.414363e-05,2.500000e-03,9.997777e-01,9.997777e-01,2.500000e+00,7.501542e-02,141,60,1.000000e+00,-5.678908e-06,9.995845e-01,0
2.079440e-01,-1.437502e-01,-5.306662e-06,-8.694945e-05,2.500000e-03,9.997106e-01,9.997106e-01,2.500000e+00,7.502006e-02,142,60,1.000000e+00,-6.375334e-06,9.995374e-01,0
2.079440e-01,-1.412503e-01,-6.819273e-06,-1.016044e-04,2.500000e-03,9.996306e-01,9.996306e-01,2.500000e+00,7.502559e-02,143,60,1.000000e+00,-6.988276e-06,9.994909e-01,0
2.079440e-01,-1.387505e-01,-8.530581e-06,-1.185249e-04,2.500000e-03,9.995366e-01,9.995366e-01,2.500000e+00,7.503210e-02,144,60,1.000000e+00,-7.473818e-06,9.994464e-01,0
2.079440e-01,-1.362506e-01,-1.041538e-05,-1.369963e-04,2.500000e-03,9.994282e-01,9.994282e-01,2.500000e+00,7.503961e-02,145,60,1.000000e+00,-7.784956e-06,9.994054e-01,0
2.079440e-01,-1.337507e-01,-1.242123e-05,-1.568466e-04,2.500000e-03,9.993050e-01,9.993050e-01,2.500000e+00,7.504816e-02,146,60,1.000000e+00,-7.872732e-06,9.993699e-01,0
2.079440e-01,-1.312508e-01,-1.445468e-05,-1.777190e-04,2.500000e-03,9.991672e-01,9.991673e-01,2.500000e+00,7.505773e-02,147,60,1.000000e+00,-7.682153e-06,9.993416e-01,0
2.079440e-01,-1.287509e-01,-1.635042e-05,-1.999771e-04,2.500000e-03,9.990158e-01,9.990158e-01,2.500000e+00,7.506827e-02,148,60,1.000000e+00,-7.169600e-06,9.993227e-01,0
2.079440e-01,-1.262509e-01,-1.785613e-05,-2.222077e-04,2.500000e-03,9.988522e-01,9.988522e-01,2.500000e+00,7.507969e-02,149,60,1.000000e+00,-6.300428e-06,9.993152e-01,0
2.079440e-01,-1.237508e-01,-1.860588e-05,-2.437862e-04,2.500000e-03,9.986784e-01,9.986785e-01,2.500000e+00,7.509183e-02,150,60,1.000000e+00,-5.052591e-06,9.993212e-01,0
2.079440e-01,-1.212505e-01,-1.800900e-05,-2.650675e-04,2.500000e-03,9.984974e-01,9.984975e-01,2.500000e+00,7.510450e-02,151,61,1.000000e+00,-3.412324e-06,9.993425e-01,0
2.079440e-01,-1.187499e-01,-1.484415e-05,-2.896709e-04,2.500000e-03,9.983127e-01,9.983128e-01,2.500000e+00,7.511747e-02,152,61,1.000000e+00,-1.392189e-06,9.993807e-01,0
2.079440e-01,-1.162488e-01,-6.285045e-06,-3.159989e-04,2.500000e-03,9.981284e-01,9.981285e-01,2.500000e+00,7.513044e-02,153,61,1.000000e+00,9.771472e-07,9.994371e-01,0
2.079440e-01,-1.137469e-01,1.116757e-05,-2.583435e-04,2.500000e-03,9.979492e-01,9.979493e-01,2.500000e+00,7.514309e-02,154,61,1.000000e+00,3.655999e-06,9.995124e-01,0
2.079440e-01,-1.112441e-01,3.798968e-05,-1.246110e-04,2.500000e-03,9.977802e-01,9.977804e-01,2.500000e+00,7.515507e-02,155,61,1.000000e+00,6.582668e-06,9.996068e-01,0
2.079440e-01,-1.087402e-01,7.670565e-05,7.219207e-05,2.500000e-03,9.976271e-01,9.976273e-01,2.500000e+00,7.516598e-02,156,61,1.000000e+00,9.692372e-06,9.997193e-01,0
2.079440e-01,-1.062347e-01,1.303811e-04,3.453394e-04,2.500000e-03,9.974955e-01,9.974958e-01,2.500000e+00,7.517540e-02,157,61,1.000000e+00,1.292181e-05,1.000152e+00,0
2.079440e-01,-1.037273e-01,2.025241e-04,7.042780e-04,2.500000e-03,9.973918e-01,9.973922e-01,2.500000e+00,7.518291e-02,158,61,1.000000e+00,1.618975e-05,1.000010e+00,0
2.079440e-01,-1.012177e-01,2.950586e-04,1.148736e-03,2.500000e-03,9.973222e-01,9.973226e-01,2.500000e+00,7.518805e-02,159,61,1.000000e+00,1.942042e-05,9.998603e-01,0
2.079440e-01,-9.870565e-02,4.090635e-04,1.664434e-03,2.500000e-03,9.972930e-01,9.972935e-01,2.500000e+00,7.519038e-02,160,61,1.000000e+00,2.254058e-05,9.997098e-01,0
2.079440e-01,-9.619121e-02,5.423395e-04,2.205430e-03,2.500000e-03,9.973105e-01,9.973110e-01,2.500000e+00,7.518945e-02,161,61,1.000000e+00,2.546352e-05,1.000432e+00,0
2.079440e-01,-9.367465e-02,6.889632e-04,2.694355e-03,2.500000e-03,9.973803e-01,9.973810e-01,2.500000e+00,7.518486e-02,162,61,1.000000e+00,2.808905e-05,1.000553e+00,0
2.079440e-01,-9.115663e-02,8.391823e-04,3.048373e-03,2.500000e-03,9.975077e-01,9.975084e-01,2.500000e+00,7.517623e-02,163,61,1.000000e+00,3.032174e-05,1.000636e+00,0
2.079440e-01,-8.863808e-02,9.808241e-04,3.152286e-03,2.500000e-03,9.976965e-01,9.976973e-01,2.500001e+00,7.516328e-02,164,61,1.000000e+00,3.207101e-05,1.000662e+00,0
2.079440e-01,-8.612012e-02,1.101443e-03,2.991403e-03,2.500000e-03,9.979498e-01,9.979507e-01,2.500001e+00,7.514579e-02,165,61,1.000000e+00,3.324468e-05,1.000607e+00,0
2.079440e-01,-8.360378e-02,1.194453e-03,2.666561e-03,2.500000e-03,9.982691e-01,9.982701e-01,2.500001e+00,7.512365e-02,166,60,1.000000e+00,3.375335e-05,1.000443e+00,0
2.079440e-01,-8.108979e-02,1.258587e-03,2.238713e-03,2.500000e-03,9.986545e-01,9.986556e-01,2.500002e+00,7.509685e-02,167,60,1.000000e+00,3.353345e-05,1.000137e+00,0
2.079440e-01,-7.857861e-02,1.295435e-03,1.794853e-03,2.500000e-03,9.991047e-01,9.991058e-01,2.500003e+00,7.506549e-02,168,60,1.000000e+00,3.253119e-05,9.996510e-01,0
2.079440e-01,-7.607041e-02,1.307878e-03,1.376192e-03,2.500000e-03,9.996169e-01,9.996181e-01,2.500003e+00,7.502975e-02,169,60,1.000000e+00,3.070214e-05,9.989414e-01,0
2.079440e-01,-7.356290e-02,1.320919e-03,1.056380e-03,2.500000e-03,1.000187e+00,1.000189e+00,2.500004e+00,7.498991e-02,170,59,1.000000e+00,2.794549e-05,9.979596e-01,0
2.079440e-01,-7.105747e-02,1.320118e-03,7.535485e-04,2.500000e-03,1.000805e+00,1.000806e+00,2.500005e+00,7.494678e-02,171,58,1.000000e+00,2.194000e-05,9.966528e-01,0
2.079440e-01,-6.855727e-02,1.278736e-03,3.952716e-04,2.500000e-03,1.001440e+00,1.001441e+00,2.500006e+00,7.490255e-02,172,58,1.000000e+00,1.034961e-05,9.949668e-01,0
2.079440e-01,-6.605661e-02,1.247325e-03,1.274268e-04,2.500000e-03,1.002055e+00,1.002054e+00,2.500007e+00,7.485996e-02,173,57,1.000000e+00,-7.502409e-06,9.928440e-01,0
2.079440e-01,-6.355852e-02,1.200888e-03,-1.072690e-04,2.500000e-03,1.002598e+00,1.002588e+00,2.500007e+00,7.482287e-02,174,56,1.000000e+00,-3.393172e-05,9.902318e-01,0
2.079440e-01,-6.106316e-02,1.140267e-03,-2.877268e-04,2.500000e-03,1.002995e+00,1.002966e+00,2.500008e+00,7.479670e-02,175,55,1.000000e+00,-7.117621e-05,9.870814e-01,0
2.079440e-01,-5.857550e-02,1.033277e-03,-4.292974e-04,2.500000e-03,1.003150e+00,1.003087e+00,2.500008e+00,7.478855e-02,176,55,1.000000e+00,-1.207157e-04,9.833552e-01,0
2.079440e-01,-5.608528e-02,9.510317e-04,-5.405356e-04,2.500000e-03,1.002952e+00,1.002835e+00,2.500008e+00,7.480663e-02,177,54,1.000000e+00,-1.824863e-04,9.790141e-01,0
2.079440e-01,-5.359713e-02,8.604655e-04,-6.460260e-04,2.500000e-03,1.002271e+00,1.002070e+00,2.500008e+00,7.486066e-02,178,53,1.000000e+00,-2.580434e-04,9.740410e-01,0
2.079440e-01,-5.111094e-02,7.611412e-04,-7.515950e-04,2.500000e-03,1.000945e+00,1.000621e+00,2.500007e+00,7.496279e-02,179,52,1.000000e+00,-3.493023e-04,9.684281e-01,0
2.079440e-01,-4.863245e-02,6.167180e-04,-8.719582e-04,2.500000e-03,9.987855e-01,9.982904e-01,2.500006e+00,7.512757e-02,180,53,1.000000e+00,-4.572838e-04,9.621899e-01,0
2.079440e-01,-4.615058e-02,4.939846e-04,-1.028919e-03,2.500000e-03,9.955618e-01,9.948322e-01,2.500005e+00,7.537319e-02,181,52,1.000000e+00,-5.814369e-04,9.553409e-01,0
2.079440e-01,-4.367134e-02,3.555142e-04,-1.206106e-03,2.500000e-03,9.910261e-01,9.899823e-01,2.500003e+00,7.572013e-02,182,51,1.000000e+00,-7.227282e-04,9.479325e-01,0
2.079440e-01,-4.120122e-02,1.732821e-04,-9.506299e-04,2.500000e-03,9.848990e-01,9.834443e-01,2.500001e+00,7.619278e-02,183,50,1.000000e+00,-8.821230e-04,9.400350e-01,0
2.079440e-01,-3.872973e-02,-2.747730e-05,-1.650047e-03,2.500000e-03,9.768162e-01,9.748319e-01,2.499999e+00,7.682437e-02,184,50,1.000000e+00,-1.058772e-03,9.317207e-01,0
2.079440e-01,-3.626322e-02,-2.476256e-04,-1.900728e-03,2.500000e-03,9.664374e-01,9.637811e-01,2.499998e+00,7.765005e-02,185,50,1.000000e+00,-1.247205e-03,9.231026e-01,0
2.079440e-01,-3.380823e-02,-5.256246e-04,-1.808482e-03,2.500000e-03,9.534930e-01,9.499995e-01,2.499996e+00,7.870457e-02,186,49,1.000000e+00,-1.433725e-03,9.143069e-01,0
2.079440e-01,-3.135488e-02,-8.491283e-04,-2.467655e-03,2.500000e-03,9.377302e-01,9.332163e-01,2.499995e+00,8.002773e-02,187,50,1.000000e+00,-1.607144e-03,9.054485e-01,0
2.079440e-01,-2.890525e-02,-1.182761e-03,-2.765927e-03,2.500000e-03,9.190857e-01,9.133677e-01,2.499994e+00,8.165108e-02,188,49,1.000000e+00,-1.747597e-03,8.966496e-01,0
2.079440e-01,-2.646585e-02,-1.590053e-03,-3.150273e-03,2.500000e-03,8.977669e-01,8.906723e-01,2.499995e+00,8.359027e-02,189,50,1.000000e+00,-1.837796e-03,8.880048e-01,0
2.079440e-01,-2.401840e-02,-1.947053e-03,-3.506753e-03,2.500000e-03,8.739765e-01,8.653408e-01,2.499996e+00,8.586544e-02,190,50,1.000000e+00,-1.866895e-03,8.795442e-01,0
2.079440e-01,-2.157441e-02,-2.344287e-03,-3.987604e-03,2.500000e-03,8.483016e-01,8.380030e-01,2.499997e+00,8.846441e-02,191,51,1.000000e+00,-1.832311e-03,8.712642e-01,0
2.079440e-01,-1.911462e-02,-2.629162e-03,-4.423374e-03,2.500000e-03,8.211753e-01,8.091173e-01,2.499999e+00,9.138549e-02,192,51,1.000000e+00,-1.726772e-03,8.630670e-01,0
2.079440e-01,-1.665176e-02,-2.908674e-03,-4.907264e-03,2.500000e-03,7.933969e-01,7.795324e-01,2.500002e+00,9.458381e-02,193,52,1.000000e+00,-1.568697e-03,8.548025e-01,0
2.079440e-01,-1.416901e-02,-3.046681e-03,-5.277838e-03,2.500000e-03,7.653860e-01,7.496989e-01,2.500003e+00,9.804205e-02,194,53,1.000000e+00,-1.362227e-03,8.462017e-01,0
2.079440e-01,-1.168196e-02,-3.167411e-03,-5.700074e-03,2.500000e-03,7.378672e-01,7.203842e-01,2.500005e+00,1.016950e-01,195,54,1.000000e+00,-1.126494e-03,8.369151e-01,0
2.079440e-01,-9.183233e-03,-3.211852e-03,-6.068358e-03,2.500000e-03,7.111553e-01,6.919270e-01,2.500006e+00,1.055102e-01,196,56,1.000000e+00,-8.750052e-04,8.264071e-01,0
2.079440e-01,-6.667949e-03,-3.131665e-03,-6.250923e-03,2.500000e-03,6.854998e-01,6.645913e-01,2.500007e+00,1.094527e-01,197,56,1.000000e+00,-6.157217e-04,8.139154e-01,0
2.079440e-01,-4.153138e-03,-3.065445e-03,-6.498259e-03,2.500000e-03,6.612426e-01,6.387426e-01,2.500007e+00,1.134621e-01,198,58,1.000000e+00,-3.637829e-04,7.982884e-01,0
2.079440e-01,-1.631720e-03,-2.952864e-03,-6.690775e-03,2.500000e-03,6.383950e-01,6.143928e-01,2.500007e+00,1.175166e-01,199,60,1.000000e+00,-1.203761e-04,7.775783e-01,0
2.079440e-01,4.750363e-03,-2.013137e-03,-5.704017e-03,2.500000e-03,5.870801e-01,5.596927e-01,2.000003e+00,1.277647e-01,200,62,1.000000e+00,4.248480e-04,7.505128e-01,0
2.079440e-01,1.487316e-02,-1.047113e-03,-3.506381e-03,2.500000e-03,5.223870e-01,4.907123e-01,2.000001e+00,1.435646e-01,201,67,1.000000e+00,1.078303e-03,7.259884e-01,0
2.079440e-01,2.501272e-02,1.829238e-04,1.232985e-03,2.500000e-03,4.730504e-01,4.380866e-01,1.999997e+00,1.585185e-01,202,71,1.000000e+00,1.529639e-03,7.088825e-01,0
2.079440e-01,3.512946e-02,1.262329e-03,6.167950e-03,2.500000e-03,4.346516e-01,3.971152e-01,1.999994e+00,1.725107e-01,203,76,1.000000e+00,1.841096e-03,6.975322e-01,0
2.079440e-01,4.520967e-02,2.022638e-03,9.731162e-03,2.500000e-03,4.040767e-01,3.644840e-01,1.999992e+00,1.855594e-01,204,79,1.000000e+00,2.055916e-03,6.907311e-01,0
2.079440e-01,5.525121e-02,2.409094e-03,1.124105e-02,2.500000e-03,3.792345e-01,3.379663e-01,1.999991e+00,1.977161e-01,205,82,1.000000e+00,2.200803e-03,6.876641e-01,0
2.079440e-01,6.526704e-02,2.559537e-03,1.173115e-02,2.500000e-03,3.586908e-01,3.160339e-01,1.999991e+00,2.090445e-01,206,85,1.000000e+00,2.293100e-03,6.877953e-01,0
2.079440e-01,7.526811e-02,2.573699e-03,1.169055e-02,2.500000e-03,3.414662e-01,2.976433e-01,1.999992e+00,2.195952e-01,207,87,1.000000e+00,2.343384e-03,6.907812e-01,0
2.079440e-01,8.526145e-02,2.509996e-03,1.133316e-02,2.500000e-03,3.268765e-01,2.820647e-01,1.999993e+00,2.294028e-01,208,89,1.000000e+00,2.358564e-03,6.964046e-01,0
2.079440e-01,9.525060e-02,2.402218e-03,1.080160e-02,2.500000e-03,3.144290e-01,2.687728e-01,1.999994e+00,2.384904e-01,209,90,1.000000e+00,2.343115e-03,7.045253e-01,0
2.079440e-01,1.052377e-01,2.273847e-03,1.021215e-02,2.500000e-03,3.037594e-01,2.573788e-01,1.999995e+00,2.468732e-01,210,92,1.000000e+00,2.300190e-03,7.150454e-01,0
2.079440e-01,1.152237e-01,2.137087e-03,9.615818e-03,2.500000e-03,2.945910e-01,2.475876e-01,1.999996e+00,2.545620e-01,211,93,1.000000e+00,2.232114e-03,7.278774e-01,0
2.079440e-01,1.252094e-01,1.999492e-03,9.050342e-03,2.500000e-03,2.867088e-01,2.391696e-01,1.999997e+00,2.615658e-01,212,94,1.000000e+00,2.141433e-03,7.429146e-01,0
2.079440e-01,1.351954e-01,1.870201e-03,8.553143e-03,2.500000e-03,2.799396e-01,2.319401e-01,1.999998e+00,2.678955e-01,213,93,1.000000e+00,2.031178e-03,7.599986e-01,0
2.079440e-01,1.451820e-01,1.748345e-03,8.097654e-03,2.500000e-03,2.741403e-01,2.257462e-01,1.999998e+00,2.735673e-01,214,93,1.000000e+00,1.904316e-03,7.788860e-01,0
2.079440e-01,1.551693e-01,1.635879e-03,7.685937e-03,2.500000e-03,2.691930e-01,2.204620e-01,1.999999e+00,2.785992e-01,215,92,1.000000e+00,1.762232e-03,7.992294e-01,0
2.079440e-01,1.651577e-01,1.532948e-03,7.308564e-03,2.500000e-03,2.650024e-01,2.159860e-01,1.999999e+00,2.830086e-01,216,92,1.000000e+00,1.605955e-03,8.205668e-01,0
2.079440e-01,1.751470e-01,1.438819e-03,6.958518e-03,2.500000e-03,2.614893e-01,2.122333e-01,2.000000e+00,2.868145e-01,217,91,1.000000e+00,1.437059e-03,8.423257e-01,0
2.079440e-01,1.851375e-01,1.354410e-03,6.635845e-03,2.500000e-03,2.585854e-01,2.091313e-01,2.000000e+00,2.900387e-01,218,90,1.000000e+00,1.257967e-03,8.638515e-01,0
2.079440e-01,1.951290e-01,1.278665e-03,6.334620e-03,2.500000e-03,2.562299e-01,2.066151e-01,2.000000e+00,2.927081e-01,219,88,1.000000e+00,1.072231e-03,8.844650e-01,0
2.079440e-01,2.051216e-01,1.210777e-03,6.051610e-03,2.500000e-03,2.543656e-01,2.046234e-01,2.000000e+00,2.948562e-01,220,86,1.000000e+00,8.845578e-04,9.035431e-01,0
2.079440e-01,2.151150e-01,1.149724e-03,5.784188e-03,2.500000e-03,2.529361e-01,2.030962e-01,2.000000e+00,2.965251e-01,221,84,1.000000e+00,7.007977e-04,9.206037e-01,0
2.079440e-01,2.251091e-01,1.093301e-03,5.525227e-03,2.500000e-03,2.518839e-01,2.019718e-01,2.000000e+00,2.977661e-01,222,81,1.000000e+00,5.277540e-04,9.353710e-01,0
2.079440e-01,2.351035e-01,1.039823e-03,5.271390e-03,2.500000e-03,2.511489e-01,2.011866e-01,2.000000e+00,2.986394e-01,223,78,1.000000e+00,3.725204e-04,9.477989e-01,0
2.079440e-01,2.450982e-01,9.869976e-04,5.016498e-03,2.500000e-03,2.506696e-01,2.006745e-01,2.000000e+00,2.992119e-01,224,76,1.000000e+00,2.415161e-04,9.580408e-01,0
2.079440e-01,2.550928e-01,9.337269e-04,4.759361e-03,2.500000e-03,2.503843e-01,2.003699e-01,2.000000e+00,2.995539e-01,225,73,1.000000e+00,1.393063e-04,9.663811e-01,0
2.079440e-01,2.650872e-01,8.786494e-04,4.496232e-03,2.500000e-03,2.502346e-01,2.002104e-01,2.000000e+00,2.997338e-01,226,70,1.000000e+00,6.755770e-05,9.731514e-01,0
2.079440e-01,2.750814e-01,8.218431e-04,4.228765e-03,2.500000e-03,2.501690e-01,2.001409e-01,2.000000e+00,2.998126e-01,227,67,1.000000e+00,2.441529e-05,9.786603e-01,0
2.079440e-01,2.850755e-01,7.636444e-04,3.959079e-03,2.500000e-03,2.501465e-01,2.001179e-01,2.000000e+00,2.998395e-01,228,64,1.000000e+00,4.482701e-06,9.831554e-01,0
2.079440e-01,2.950695e-01,7.049761e-04,3.690347e-03,2.500000e-03,2.501393e-01,2.001114e-01,2.000000e+00,2.998477e-01,229,61,1.000000e+00,-4.906510e-07,9.868192e-01,0
2.079440e-01,3.050636e-01,6.466386e-04,3.425707e-03,2.500000e-03,2.501340e-01,2.001072e-01,2.000000e+00,2.998536e-01,230,59,1.000000e+00,-3.243163e-07,9.897854e-01,0
2.079440e-01,3.150577e-01,5.894673e-04,3.167519e-03,2.500000e-03,2.501281e-01,2.001025e-01,2.000000e+00,2.998600e-01,231,59,1.000000e+00,-9.409650e-08,9.921634e-01,0
2.079440e-01,3.250520e-01,5.341377e-04,2.918312e-03,2.500000e-03,2.501220e-01,2.000976e-01,2.000000e+00,2.998668e-01,232,59,1.000000e+00,3.404381e-08,9.940498e-01,0
2.079440e-01,3.350466e-01,4.813366e-04,2.680040e-03,2.500000e-03,2.501157e-01,2.000926e-01,2.000000e+00,2.998737e-01,233,59,1.000000e+00,9.221991e-08,9.955295e-01,0
2.079440e-01,3.450415e-01,4.314616e-04,2.453984e-03,2.500000e-03,2.501095e-01,2.000876e-01,2.000000e+00,2.998805e-01,234,60,1.000000e+00,1.108743e-07,9.966766e-01,0
2.079440e-01,3.550367e-01,3.849876e-04,2.241482e-03,2.500000e-03,2.501033e-01,2.000826e-01,2.000000e+00,2.998873e-01,235,60,1.000000e+00,1.134964e-07,9.975549e-01,0
2.079440e-01,3.650324e-01,3.420116e-04,2.042450e-03,2.500000e-03,2.500971e-01,2.000777e-01,2.000000e+00,2.998941e-01,236,60,1.000000e+00,1.141317e-07,9.982185e-01,0
2.079440e-01,3.750284e-01,3.027904e-04,1.857664e-03,2.500000e-03,2.500911e-01,2.000729e-01,2.000000e+00,2.999006e-01,237,60,1.000000e+00,1.200868e-07,9.987128e-01,0
2.079440e-01,3.850248e-01,2.672138e-04,1.686285e-03,2.500000e-03,2.500852e-01,2.000682e-01,2.000000e+00,2.999071e-01,238,60,1.000000e+00,1.343906e-07,9.990756e-01,0
2.079440e-01,3.950216e-01,2.352998e-04,1.528438e-03,2.500000e-03,2.500794e-01,2.000636e-01,2.000000e+00,2.999135e-01,239,60,1.000000e+00,1.575149e-07,9.993375e-01,0
2.079440e-01,4.050189e-01,2.068554e-04,1.383281e-03,2.500000e-03,2.500738e-01,2.000590e-01,2.000000e+00,2.999197e-01,240,60,1.000000e+00,1.883890e-07,9.995236e-01,0
2.079440e-01,4.150164e-01,1.816434e-04,1.250010e-03,2.500000e-03,2.500683e-01,2.000546e-01,2.000000e+00,2.999257e-01,241,60,1.000000e+00,2.250748e-07,9.996534e-01,0
2.079440e-01,4.250143e-01,1.594699e-04,1.128154e-03,2.500000e-03,2.500629e-01,2.000503e-01,2.000000e+00,2.999316e-01,242,60,1.000000e+00,2.652033e-07,9.997425e-01,0
2.079440e-01,4.350125e-01,1.400123e-04,1.016676e-03,2.500000e-03,2.500577e-01,2.000462e-01,2.000000e+00,2.999372e-01,243,60,1.000000e+00,3.062416e-07,9.998027e-01,0
2.079440e-01,4.450109e-01,1.229922e-04,9.148341e-04,2.500000e-03,2.500528e-01,2.000422e-01,2.000000e+00,2.999427e-01,244,60,1.000000e+00,3.458098e-07,9.998430e-01,0
2.079440e-01,4.550096e-01,1.081716e-04,8.220498e-04,2.500000e-03,2.500480e-01,2.000384e-01,2.000000e+00,2.999479e-01,245,60,1.000000e+00,3.817560e-07,9.998697e-01,0
2.079440e-01,4.650085e-01,9.527620e-05,7.375443e-04,2.500000e-03,2.500435e-01,2.000348e-01,2.000000e+00,2.999528e-01,246,60,1.000000e+00,4.122825e-07,9.998877e-01,0
2.079440e-01,4.750075e-01,8.406348e-05,6.606742e-04,2.500000e-03,2.500392e-01,2.000314e-01,2.000000e+00,2.999575e-01,247,60,1.000000e+00,4.360112e-07,9.999003e-01,0
2.079440e-01,4.850067e-01,7.432983e-05,5.909211e-04,2.500000e-03,2.500352e-01,2.000282e-01,2.000000e+00,2.999618e-01,248,60,1.000000e+00,4.520037e-07,9.999095e-01,0
2.079440e-01,4.950060e-01,6.587922e-05,5.277350e-04,2.500000e-03,2.500315e-01,2.000252e-01,2.000000e+00,2.999659e-01,249,60,1.000000e+00,4.598031e-07,9.999168e-01,0
2.079440e-01,5.050055e-01,5.852549e-05,4.705683e-04,2.500000e-03,2.500281e-01,2.000225e-01,2.000000e+00,2.999696e-01,250,60,1.000000e+00,4.594151e-07,9.999231e-01,0
2.079440e-01,5.150050e-01,5.210650e-05,4.189212e-04,2.500000e-03,2.500250e-01,2.000200e-01,2.000000e+00,2.999730e-01,251,60,1.000000e+00,4.512691e-07,9.999288e-01,0
2.079440e-01,5.250045e-01,4.648180e-05,3.723298e-04,2.500000e-03,2.500221e-01,2.000177e-01,2.000000e+00,2.999761e-01,252,60,1.000000e+00,4.361700e-07,9.999342e-01,0
2.079440e-01,5.350041e-01,4.153156e-05,3.303643e-04,2.500000e-03,2.500195e-01,2.000156e-01,2.000000e+00,2.999789e-01,253,60,1.000000e+00,4.151921e-07,9.999394e-01,0
2.079440e-01,5.450038e-01,3.715592e-05,2.926294e-04,2.500000e-03,2.500172e-01,2.000138e-01,2.000000e+00,2.999815e-01,254,60,1.000000e+00,3.895887e-07,9.999445e-01,0
2.079440e-01,5.550035e-01,3.327404e-05,2.587648e-04,2.500000e-03,2.500151e-01,2.000121e-01,2.000000e+00,2.999837e-01,255,60,1.000000e+00,3.606688e-07,9.999493e-01,0
2.079440e-01,5.650032e-01,2.982196e-05,2.284442e-04,2.500000e-03,2.500133e-01,2.000106e-01,2.000000e+00,2.999857e-01,256,60,1.000000e+00,3.297111e-07,9.999540e-01,0
2.079440e-01,5.750030e-01,2.674944e-05,2.013705e-04,2.500000e-03,2.500117e-01,2.000093e-01,2.000000e+00,2.999874e-01,257,60,1.000000e+00,2.978767e-07,9.999584e-01,0
2.079440e-01,5.850028e-01,2.401609e-05,1.772686e-04,2.500000e-03,2.500103e-01,2.000082e-01,2.000000e+00,2.999889e-01,258,60,1.000000e+00,2.661643e-07,9.999625e-01,0
2.079440e-01,5.950026e-01,2.158760e-05,1.558787e-04,2.500000e-03,2.500090e-01,2.000072e-01,2.000000e+00,2.999903e-01,259,60,1.000000e+00,2.353868e-07,9.999664e-01,0
2.079440e-01,6.050024e-01,1.943276e-05,1.369516e-04,2.500000e-03,2.500080e-01,2.000064e-01,2.000000e+00,2.999914e-01,260,60,1.000000e+00,2.061754e-07,9.999700e-01,0
2.079440e-01,6.150022e-01,1.752212e-05,1.202474e-04,2.500000e-03,2.500071e-01,2.000056e-01,2.000000e+00,2.999924e-01,261,60,1.000000e+00,1.789855e-07,9.999733e-01,0
2.079440e-01,6.250020e-01,1.582791e-05,1.055383e-04,2.500000e-03,2.500063e-01,2.000050e-01,2.000000e+00,2.999933e-01,262,60,1.000000e+00,1.541154e-07,9.999763e-01,0
2.079440e-01,6.350019e-01,1.432437e-05,9.261066e-05,2.500000e-03,2.500056e-01,2.000045e-01,2.000000e+00,2.999940e-01,263,60,1.000000e+00,1.317241e-07,9.999790e-01,0
2.079440e-01,6.450018e-01,1.298797e-05,8.126684e-05,2.500000e-03,2.500050e-01,2.000040e-01,2.000000e+00,2.999946e-01,264,60,1.000000e+00,1.118550e-07,9.999815e-01,0
2.079440e-01,6.550016e-01,1.179754e-05,7.132582e-05,2.500000e-03,2.500045e-01,2.000036e-01,2.000000e+00,2.999952e-01,265,60,1.000000e+00,9.445602e-08,9.999837e-01,0
2.079440e-01,6.650015e-01,1.073425e-05,6.262348e-05,2.500000e-03,2.500040e-01,2.000032e-01,2.000000e+00,2.999956e-01,266,60,1.000000e+00,7.940485e-08,9.999857e-01,0
2.079440e-01,6.750014e-01,9.781581e-06,5.501214e-05,2.500000e-03,2.500037e-01,2.000029e-01,2.000000e+00,2.999960e-01,267,60,1.000000e+00,6.652715e-08,9.999874e-01,0
2.079440e-01,6.850013e-01,8.925170e-06,4.835981e-05,2.500000e-03,2.500033e-01,2.000027e-01,2.000000e+00,2.999964e-01,268,60,1.000000e+00,5.561885e-08,9.999890e-01,0
2.079440e-01,6.950012e-01,8.152646e-06,4.254914e-05,2.500000e-03,2.500030e-01,2.000024e-01,2.000000e+00,2.999967e-01,269,60,1.000000e+00,4.645966e-08,9.999903e-01,0
2.079440e-01,7.050011e-01,7.453435e-06,3.747620e-05,2.500000e-03,2.500028e-01,2.000022e-01,2.000000e+00,2.999969e-01,270,60,1.000000e+00,3.882862e-08,9.999915e-01,0
2.079440e-01,7.150010e-01,6.818541e-06,3.304922e-05,2.500000e-03,2.500026e-01,2.000021e-01,2.000000e+00,2.999972e-01,271,60,1.000000e+00,3.251317e-08,9.999925e-01,0
2.079440e-01,7.250010e-01,6.240342e-06,2.918730e-05,2.500000e-03,2.500024e-01,2.000019e-01,2.000000e+00,2.999974e-01,272,60,1.000000e+00,2.731541e-08,9.999934e-01,0
2.079440e-01,7.350009e-01,5.712386e-06,2.581921e-05,2.500000e-03,2.500022e-01,2.000018e-01,2.000000e+00,2.999976e-01,273,60,1.000000e+00,2.305735e-08,9.999942e-01,0
2.079440e-01,7.450008e-01,5.229211e-06,2.288222e-05,2.500000e-03,2.500020e-01,2.000016e-01,2.000000e+00,2.999978e-01,274,60,1.000000e+00,1.958141e-08,9.999948e-01,0
2.079440e-01,7.550007e-01,4.786181e-06,2.032120e-05,2.500000e-03,2.500019e-01,2.000015e-01,2.000000e+00,2.999979e-01,275,60,1.000000e+00,1.675047e-08,9.999954e-01,0
2.079440e-01,7.650007e-01,4.379345e-06,1.808764e-05,2.500000e-03,2.500018e-01,2.000014e-01,2.000000e+00,2.999981e-01,276,60,1.000000e+00,1.444778e-08,9.999959e-01,0
2.079440e-01,7.750006e-01,4.005316e-06,1.613893e-05,2.500000e-03,2.500016e-01,2.000013e-01,2.000000e+00,2.999982e-01,277,60,1.000000e+00,1.257513e-08,9.999963e-01,0
2.079440e-01,7.850006e-01,3.661172e-06,1.443764e-05,2.500000e-03,2.500015e-01,2.000012e-01,2.000000e+00,2.999983e-01,278,60,1.000000e+00,1.105090e-08,9.999967e-01,0
2.079440e-01,7.950005e-01,3.344367e-06,1.295095e-05,2.500000e-03,2.500014e-01,2.000011e-01,2.000000e+00,2.999984e-01,279,60,1.000000e+00,9.808438e-09,9.999970e-01,0
2.079440e-01,8.050005e-01,3.052661e-06,1.165008e-05,2.500000e-03,2.500013e-01,2.000011e-01,2.000000e+00,2.999985e-01,280,60,1.000000e+00,8.794108e-09,9.999973e-01,0
2.079440e-01,8.150004e-01,2.784068e-06,1.050985e-05,2.500000e-03,2.500012e-01,2.000010e-01,2.000000e+00,2.999986e-01,281,60,1.000000e+00,7.965013e-09,9.999975e-01,0
2.079440e-01,8.250004e-01,2.536803e-06,9.508268e-06,2.500000e-03,2.500011e-01,2.000009e-01,2.000000e+00,2.999987e-01,282,60,1.000000e+00,7.286853e-09,9.999977e-01,0
2.079440e-01,8.350004e-01,2.309254e-06,8.626161e-06,2.500000e-03,2.500011e-01,2.000008e-01,2.000000e+00,2.999988e-01,283,60,1.000000e+00,6.732022e-09,9.999979e-01,0
2.079440e-01,8.450003e-01,2.099953e-06,7.846861e-06,2.500000e-03,2.500010e-01,2.000008e-01,2.000000e+00,2.999989e-01,284,60,1.000000e+00,6.277957e-09,9.999980e-01,0
2.079440e-01,8.550003e-01,1.907554e-06,7.155936e-06,2.500000e-03,2.500009e-01,2.000007e-01,2.000000e+00,2.999990e-01,285,60,1.000000e+00,5.905807e-09,9.999982e-01,0
2.079440e-01,8.650003e-01,1.730821e-06,6.540933e-06,2.500000e-03,2.500008e-01,2.000007e-01,2.000000e+00,2.999991e-01,286,60,1.000000e+00,5.599456e-09,9.999983e-01,0
2.079440e-01,8.750002e-01,1.568614e-06,5.991159e-06,2.500000e-03,2.500008e-01,2.000006e-01,2.000000e+00,2.999991e-01,287,60,1.000000e+00,5.344898e-09,9.999984e-01,0
2.079440e-01,8.850002e-01,1.419879e-06,5.497472e-06,2.500000e-03,2.500007e-01,2.000006e-01,2.000000e+00,2.999992e-01,288,60,1.000000e+00,5.129898e-09,9.999985e-01,0
2.079440e-01,8.950002e-01,1.283641e-06,5.052096e-06,2.500000e-03,2.500007e-01,2.000005e-01,2.000000e+00,2.999993e-01,289,60,1.000000e+00,4.943860e-09,9.999986e-01,0
2.079440e-01,9.050002e-01,1.158998e-06,4.648446e-06,2.500000e-03,2.500006e-01,2.000005e-01,2.000000e+00,2.999993e-01,290,60,1.000000e+00,4.777788e-09,9.999987e-01,0
2.079440e-01,9.150001e-01,1.045108e-06,4.280968e-06,2.500000e-03,2.500006e-01,2.000004e-01,2.000000e+00,2.999994e-01,291,60,1.000000e+00,4.624249e-09,9.999988e-01,0
2.079440e-01,9.250001e-01,9.411870e-07,3.945003e-06,2.500000e-03,2.500005e-01,2.000004e-01,2.000000e+00,2.999994e-01,292,60,1.000000e+00,4.477306e-09,9.999989e-01,0
2.079440e-01,9.350001e-01,8.465016e-07,3.636652e-06,2.500000e-03,2.500005e-01,2.000004e-01,2.000000e+00,2.999995e-01,293,60,1.000000e+00,4.332398e-09,9.999989e-01,0
2.079440e-01,9.450001e-01,7.603623e-07,3.352667e-06,2.500000e-03,2.500004e-01,2.000003e-01,2.000000e+00,2.999995e-01,294,60,1.000000e+00,4.186205e-09,9.999990e-01,0
2.079440e-01,9.550001e-01,6.821208e-07,3.090344e-06,2.500000e-03,2.500004e-01,2.000003e-01,2.000000e+00,2.999996e-01,295,60,1.000000e+00,4.036482e-09,9.999991e-01,0
2.079440e-01,9.650001e-01,6.111664e-07,2.847435e-06,2.500000e-03,2.500003e-01,2.000003e-01,2.000000e+00,2.999996e-01,296,60,1.000000e+00,3.881903e-09,9.999991e-01,0
2.079440e-01,9.750001e-01,5.469235e-07,2.622070e-06,2.500000e-03,2.500003e-01,2.000003e-01,2.000000e+00,2.999996e-01,297,60,1.000000e+00,3.721899e-09,9.999992e-01,0
2.079440e-01,9.850001e-01,4.888499e-07,2.412689e-06,2.500000e-03,2.500003e-01,2.000002e-01,2.000000e+00,2.999997e-01,298,60,1.000000e+00,3.556507e-09,9.999993e-01,0
2.079440e-01,9.950000e-01,4.364354e-07,2.217984e-06,2.500000e-03,2.500003e-01,2.000002e-01,2.000000e+00,2.999997e-01,299,60,1.000000e+00,3.386230e-09,9.999993e-01,0
2.079440e-01,1.005000e+00,3.892006e-07,2.036848e-06,2.500000e-03,2.500002e-01,2.000002e-01,2.000000e+00,2.999997e-01,300,60,1.000000e+00,3.211923e-09,9.999994e-01,0
2.079440e-01,1.015000e+00,3.466962e-07,1.868337e-06,2.500000e-03,2.500002e-01,2.000002e-01,2.000000e+00,2.999998e-01,301,60,1.000000e+00,3.034677e-09,9.999994e-01,0
2.079440e-01,1.025000e+00,3.085023e-07,1.711632e-06,2.500000e-03,2.500002e-01,2.000001e-01,2.000000e+00,2.999998e-01,302,60,1.000000e+00,2.855740e-09,9.999995e-01,0
2.079440e-01,1.035000e+00,2.742277e-07,1.566012e-06,2.500000e-03,2.500002e-01,2.000001e-01,2.000000e+00,2.999998e-01,303,60,1.000000e+00,2.676434e-09,9.999995e-01,0
2.079440e-01,1.045000e+00,2.435091e-07,1.430830e-06,2.500000e-03,2.500001e-01,2.000001e-01,2.000000e+00,2.999998e-01,304,60,1.000000e+00,2.498101e-09,9.999996e-01,0
2.079440e-01,1.055000e+00,2.160106e-07,1.305496e-06,2.500000e-03,2.500001e-01,2.000001e-01,2.000000e+00,2.999999e-01,305,60,1.000000e+00,2.322048e-09,9.999996e-01,0
2.079440e-01,1.065000e+00,1.914224e-07,1.189463e-06,2.500000e-03,2.500001e-01,2.000001e-01,2.000000e+00,2.999999e-01,306,60,1.000000e+00,2.149513e-09,9.999996e-01,0
2.079440e-01,1.075000e+00,1.694602e-07,1.082211e-06,2.500000e-03,2.500001e-01,2.000001e-01,2.000000e+00,2.999999e-01,307,60,1.000000e+00,1.981633e-09,9.999997e-01,0
2.079440e-01,1.085000e+00,1.498639e-07,9.832439e-07,2.500000e-03,2.500001e-01,2.000001e-01,2.000000e+00,2.999999e-01,308,60,1.000000e+00,1.819423e-09,9.999997e-01,0
2.079440e-01,1.095000e+00,1.323962e-07,8.920836e-07,2.500000e-03,2.500001e-01,2.000001e-01,2.000000e+00,2.999999e-01,309,60,1.000000e+00,1.663761e-09,9.999997e-01,0
2.079440e-01,1.105000e+00,1.168415e-07,8.082641e-07,2.500000e-03,2.500001e-01,2.000001e-01,2.000000e+00,2.999999e-01,310,60,1.000000e+00,1.515378e-09,0.000000e+00,0
2.079440e-01,1.115000e+00,1.030044e-07,7.313315e-07,2.500000e-03,2.500001e-01,2.000001e-01,2.000000e+00,2.999999e-01,311,60,1.000000e+00,1.374855e-09,0.000000e+00,0
2.079440e-01,1.125000e+00,9.070812e-08,6.608432e-07,2.500000e-03,2.500001e-01,2.000000e-01,2.000000e+00,2.999999e-01,312,60,1.000000e+00,1.242625e-09,0.000000e+00,0
2.079440e-01,1.135000e+00,7.979310e-08,5.963684e-07,2.500000e-03,2.500000e-01,2.000000e-01,2.000000e+00,2.999999e-01,313,60,1.000000e+00,1.118973e-09,0.000000e+00,0
2.079440e-01,1.145000e+00,7.011539e-08,5.374897e-07,2.500000e-03,2.500000e-01,2.000000e-01,2.000000e+00,3.000000e-01,314,60,1.000000e+00,1.004045e-09,0.000000e+00,0
2.079440e-01,1.155000e+00,6.154522e-08,4.838044e-07,2.500000e-03,2.500000e-01,2.000000e-01,2.000000e+00,3.000000e-01,315,60,1.000000e+00,8.978601e-10,0.000000e+00,0
2.079440e-01,1.165000e+00,5.396557e-08,4.349268e-07,2.500000e-03,2.500000e-01,2.000000e-01,2.000000e+00,3.000000e-01,316,60,1.000000e+00,8.003174e-10,0.000000e+00,0
2.079440e-01,1.175000e+00,4.727086e-08,3.904895e-07,2.500000e-03,2.500000e-01,2.000000e-01,2.000000e+00,3.000000e-01,317,60,1.000000e+00,7.112134e-10,0.000000e+00,0
2.079440e-01,1.185000e+00,4.136571e-08,3.501448e-07,2.500000e-03,2.500000e-01,2.000000e-01,2.000000e+00,3.000000e-01,318,60,1.000000e+00,6.302545e-10,0.000000e+00,0
2.079440e-01,1.195000e+00,3.616388e-08,3.135661e-07,2.500000e-03,2.500000e-01,2.000000e-01,2.000000e+00,3.000000e-01,319,60,1.000000e+00,5.570729e-10,0.000000e+00,0
2.079440e-01,1.205000e+00,3.158741e-08,2.804478e-07,2.500000e-03,2.500000e-01,2.000000e-01,2.000000e+00,3.000000e-01,320,60,1.000000e+00,4.912418e-10,0.000000e+00,0
2.079440e-01,1.215000e+00,2.756587e-08,2.505051e-07,2.500000e-03,2.500000e-01,2.000000e-01,2.000000e+00,3.000000e-01,321,60,1.000000e+00,4.322913e-10,0.000000e+00,0
2.079440e-01,1.225000e+00,2.403583e-08,2.234724e-07,2.500000e-03,2.500000e-01,2.000000e-01,2.000000e+00,3.000000e-01,322,60,1.000000e+00,3.797231e-10,0.000000e+00,0
2.079440e-01,1.235000e+00,2.094036e-08,1.991028e-07,2.500000e-03,2.500000e-01,2.000000e-01,2.000000e+00,3.000000e-01,323,60,1.000000e+00,3.330244e-10,0.000000e+00,0
2.079440e-01,1.245000e+00,1.822855e-08,1.771664e-07,2.500000e-03,2.500000e-01,2.000000e-01,2.000000e+00,3.000000e-01,324,60,1.000000e+00,2.916804e-10,0.000000e+00,0
2.079440e-01,1.255000e+00,1.585498e-08,1.574496e-07,2.500000e-03,2.500000e-01,2.000000e-01,2.000000e+00,3.000000e-01,325,60,1.000000e+00,2.551853e-10,0.000000e+00,0
2.079440e-01,1.265000e+00,1.377923e-08,1.397541e-07,2.500000e-03,2.500000e-01,2.000000e-01,2.000000e+00,3.000000e-01,326,60,1.000000e+00,2.230510e-10,0.000000e+00,0
2.079440e-01,1.275000e+00,1.196545e-08,1.238962e-07,2.500000e-03,2.500000e-01,2.000000e-01,2.000000e+00,3.000000e-01,327,60,1.000000e+00,1.948148e-10,0.000000e+00,0
2.079440e-01,1.285000e+00,1.038186e-08,1.097059e-07,2.500000e-03,2.500000e-01,2.000000e-01,2.000000e+00,3.000000e-01,328,60,1.000000e+00,1.700441e-10,0.000000e+00,0
2.079440e-01,1.295000e+00,9.000387e-09,9.702642e-08,2.500000e-03,2.500000e-01,2.000000e-01,2.000000e+00,3.000000e-01,329,60,1.000000e+00,1.483398e-10,0.000000e+00,0
2.079440e-01,1.305000e+00,7.796217e-09,8.571300e-08,2.500000e-03,2.500000e-01,2.000000e-01,2.000000e+00,3.000000e-01,330,60,1.000000e+00,1.293387e-10,0.000000e+00,0
2.079440e-01,1.315000e+00,6.747474e-09,7.563272e-08,2.500000e-03,2.500000e-01,2.000000e-01,2.000000e+00,3.000000e-01,331,60,1.000000e+00,1.127133e-10,0.000000e+00,0
2.079440e-01,1.325000e+00,5.834880e-09,6.666359e-08,2.500000e-03,2.500000e-01,2.000000e-01,2.000000e+00,3.000000e-01,332,60,1.000000e+00,9.817144e-11,0.000000e+00,0
2.079440e-01,1.335000e+00,5.041457e-09,5.869394e-08,2.500000e-03,2.500000e-01,2.000000e-01,2.000000e+00,3.000000e-01,333,60,1.000000e+00,8.545413e-11,0.000000e+00,0
2.079440e-01,1.345000e+00,4.352265e-09,5.162175e-08,2.500000e-03,2.500000e-01,2.000000e-01,2.000000e+00,3.000000e-01,334,60,1.000000e+00,7.433368e-11,0.000000e+00,0
2.079440e-01,1.355000e+00,3.754163e-09,4.535409e-08,2.500000e-03,2.500000e-01,2.000000e-01,2.000000e+00,3.000000e-01,335,60,1.000000e+00,6.461068e-11,0.000000e+00,0
2.079440e-01,1.365000e+00,3.235599e-09,3.980646e-08,2.500000e-03,2.500000e-01,2.000000e-01,2.000000e+00,3.000000e-01,336,60,1.000000e+00,5.611115e-11,0.000000e+00,0
2.079440e-01,1.375000e+00,2.786422e-09,3.490220e-08,2.500000e-03,2.500000e-01,2.000000e-01,2.000000e+00,3.000000e-01,337,60,1.000000e+00,4.868357e-11,0.000000e+00,0
2.079440e-01,1.385000e+00,2.397721e-09,3.057194e-08,2.500000e-03,2.500000e-01,2.000000e-01,2.000000e+00,3.000000e-01,338,60,1.000000e+00,4.219605e-11,0.000000e+00,0
2.079440e-01,1.395000e+00,2.061674e-09,2.675301e-08,2.500000e-03,2.500000e-01,2.000000e-01,2.000000e+00,3.000000e-01,339,60,1.000000e+00,3.653365e-11,0.000000e+00,0
2.079440e-01,1.405000e+00,1.771425e-09,2.338896e-08,2.500000e-03,2.500000e-01,2.000000e-01,2.000000e+00,3.000000e-01,340,60,1.000000e+00,3.159600e-11,0.000000e+00,0
2.079440e-01,1.415000e+00,1.520967e-09,2.042899e-08,2.500000e-03,2.500000e-01,2.000000e-01,2.000000e+00,3.000000e-01,341,60,1.000000e+00,2.729513e-11,0.000000e+00,0
2.079440e-01,1.425000e+00,1.305045e-09,1.782753e-08,2.500000e-03,2.500000e-01,2.000000e-01,2.000000e+00,3.000000e-01,342,60,1.000000e+00,2.355366e-11,0.000000e+00,0
2.079440e-01,1.435000e+00,1.119066e-09,1.554372e-08,2.500000e-03,2.500000e-01,2.000000e-01,2.000000e+00,3.000000e-01,343,60,1.000000e+00,2.030324e-11,0.000000e+00,0
2.079440e-01,1.445000e+00,9.590235e-10,1.354107e-08,2.500000e-03,2.500000e-01,2.000000e-01,2.000000e+00,3.000000e-01,344,60,1.000000e+00,1.748331e-11,0.000000e+00,0
2.079440e-01,1.455000e+00,8.214254e-10,1.178696e-08,2.500000e-03,2.500000e-01,2.000000e-01,2.000000e+00,3.000000e-01,345,60,1.000000e+00,1.504010e-11,0.000000e+00,0
2.079440e-01,1.465000e+00,7.032345e-10,1.025238e-08,2.500000e-03,2.500000e-01,2.000000e-01,2.000000e+00,3.000000e-01,346,60,1.000000e+00,1.292580e-11,0.000000e+00,0
2.079440e-01,1.475000e+00,6.018139e-10,8.911503e-09,2.500000e-03,2.500000e-01,2.000000e-01,2.000000e+00,3.000000e-01,347,60,1.000000e+00,1.109799e-11,0.000000e+00,0
2.079440e-01,1.485000e+00,5.148776e-10,7.741414e-09,2.500000e-03,2.500000e-01,2.000000e-01,2.000000e+00,3.000000e-01,348,60,1.000000e+00,9.519086e-12,0.000000e+00,0
2.079440e-01,1.495000e+00,4.404473e-10,6.721820e-09,2.500000e-03,2.500000e-01,2.000000e-01,2.000000e+00,3.000000e-01,349,60,1.000000e+00,8.155933e-12,0.000000e+00,0
2.079440e-01,1.505000e+00,3.768118e-10,5.834787e-09,2.500000e-03,2.500000e-01,2.000000e-01,2.000000e+00,3.000000e-01,350,60,1.000000e+00,6.979423e-12,0.000000e+00,0
2.079440e-01,1.515000e+00,3.224891e-10,5.064533e-09,2.500000e-03,2.500000e-01,2.000000e-01,2.000000e+00,3.000000e-01,351,60,1.000000e+00,5.964113e-12,0.000000e+00,0
2.079440e-01,1.525000e+00,2.761876e-10,4.397172e-09,2.500000e-03,2.500000e-01,2.000000e-01,2.000000e+00,3.000000e-01,352,60,1.000000e+00,5.087871e-12,0.000000e+00,0
2.079440e-01,1.535000e+00,2.367737e-10,3.820156e-09,2.500000e-03,2.500000e-01,2.000000e-01,2.000000e+00,3.000000e-01,353,60,1.000000e+00,4.331508e-12,0.000000e+00,0
2.079440e-01,1.545000e+00,2.032599e-10,3.322003e-09,2.500000e-03,2.500000e-01,2.000000e-01,2.000000e+00,3.000000e-01,354,60,1.000000e+00,3.678431e-12,0.000000e+00,0
2.079440e-01,1.555000e+00,1.747938e-10,2.892366e-09,2.500000e-03,2.500000e-01,2.000000e-01,2.000000e+00,3.000000e-01,355,60,1.000000e+00,3.114289e-12,0.000000e+00,0
2.079440e-01,1.565000e+00,1.506471e-10,2.522007e-09,2.500000e-03,2.500000e-01,2.000000e-01,2.000000e+00,3.000000e-01,356,60,1.000000e+00,2.626590e-12,0.000000e+00,0
2.079440e-01,1.575000e+00,1.302049e-10,2.202906e-09,2.500000e-03,2.500000e-01,2.000000e-01,2.000000e+00,3.000000e-01,357,60,1.000000e+00,2.204261e-12,0.000000e+00,0
2.079440e-01,1.585000e+00,1.129581e-10,1.928038e-09,2.500000e-03,2.500000e-01,2.000000e-01,2.000000e+00,3.000000e-01,358,60,1.000000e+00,1.837152e-12,0.000000e+00,0
2.079440e-01,1.595000e+00,9.849819e-11,1.691298e-09,2.500000e-03,2.500000e-01,2.000000e-01,2.000000e+00,3.000000e-01,359,60,1.000000e+00,1.515412e-12,0.000000e+00,0
2.079440e-01,1.605000e+00,8.651518e-11,1.487765e-09,2.500000e-03,2.500000e-01,2.000000e-01,2.000000e+00,3.000000e-01,360,60,1.000000e+00,1.228720e-12,0.000000e+00,0
2.079440e-01,1.615000e+00,7.678203e-11,1.313934e-09,2.500000e-03,2.500000e-01,2.000000e-01,2.000000e+00,3.000000e-01,361,60,1.000000e+00,9.653792e-13,0.000000e+00,0
2.079440e-01,1.625000e+00,6.913487e-11,1.167383e-09,2.500000e-03,2.500000e-01,2.000000e-01,2.000000e+00,3.000000e-01,362,60,1.000000e+00,7.111893e-13,0.000000e+00,0
2.079440e-01,1.635000e+00,6.345668e-11,1.046449e-09,2.500000e-03,2.500000e-01,2.000000e-01,2.000000e+00,3.000000e-01,363,60,1.000000e+00,4.481224e-13,0.000000e+00,0
2.079440e-01,1.645000e+00,5.966465e-11,9.500027e-10,2.500000e-03,2.500000e-01,2.000000e-01,2.000000e+00,3.000000e-01,364,60,1.000000e+00,1.527591e-13,0.000000e+00,0
2.079440e-01,1.655000e+00,5.770182e-11,8.771976e-10,2.500000e-03,2.500000e-01,2.000000e-01,2.000000e+00,3.000000e-01,365,60,1.000000e+00,-2.055083e-13,0.000000e+00,0
2.079440e-01,1.665000e+00,5.753830e-11,8.271786e-10,2.500000e-03,2.500000e-01,2.000000e-01,2.000000e+00,3.000000e-01,366,60,1.000000e+00,-6.665261e-13,0.000000e+00,0
2.079440e-01,1.675000e+00,5.918681e-11,7.990453e-10,2.500000e-03,2.500000e-01,2.000000e-01,2.000000e+00,3.000000e-01,367,60,1.000000e+00,-1.281651e-12,0.000000e+00,0
2.079440e-01,1.685000e+00,6.271296e-11,7.926205e-10,2.500000e-03,2.500000e-01,2.000000e-01,2.000000e+00,3.000000e-01,368,60,1.000000e+00,-2.116259e-12,0.000000e+00,0
2.079440e-01,1.695000e+00,6.822545e-11,8.086260e-10,2.500000e-03,2.500000e-01,2.000000e-01,2.000000e+00,3.000000e-01,369,60,1.000000e+00,-3.252416e-12,0.000000e+00,0
2.079440e-01,1.705000e+00,7.585988e-11,8.484794e-10,2.500000e-03,2.500000e-01,2.000000e-01,2.000000e+00,3.000000e-01,370,60,1.000000e+00,-4.791695e-12,0.000000e+00,0
2.079440e-01,1.715000e+00,8.576204e-11,9.140391e-10,2.500000e-03,2.500000e-01,2.000000e-01,2.000000e+00,3.000000e-01,371,60,1.000000e+00,-6.858008e-12,0.000000e+00,0
2.079440e-01,1.725000e+00,9.806871e-11,1.007300e-09,2.500000e-03,2.500000e-01,2.000000e-01,2.000000e+00,3.000000e-01,372,60,1.000000e+00,-9.600422e-12,0.000000e+00,0
2.079440e-01,1.735000e+00,1.128939e-10,1.129903e-09,2.500000e-03,2.500000e-01,2.000000e-01,2.000000e+00,3.000000e-01,373,60,1.000000e+00,-1.319585e-11,0.000000e+00,0
2.079440e-01,1.745000e+00,1.303286e-10,1.282655e-09,2.500000e-03,2.500000e-01,2.000000e-01,2.000000e+00,3.000000e-01,374,60,1.000000e+00,-1.785148e-11,0.000000e+00,0
2.079440e-01,1.755000e+00,1.504553e-10,1.465799e-09,2.500000e-03,2.500000e-01,2.000000e-01,2.000000e+00,3.000000e-01,375,60,1.000000e+00,-2.380700e-11,0.000000e+00,0
2.079440e-01,1.765000e+00,1.733527e-10,1.679433e-09,2.500000e-03,2.500000e-01,2.000000e-01,2.000000e+00,3.000000e-01,376,60,1.000000e+00,-3.133634e-11,0.000000e+00,0
2.079440e-01,1.775000e+00,1.991007e-10,1.923608e-09,2.500000e-03,2.500000e-01,2.000000e-01,2.000000e+00,3.000000e-01,377,60,1.000000e+00,-4.074907e-11,0.000000e+00,0
2.079440e-01,1.785000e+00,2.277801e-10,2.198254e-09,2.500000e-03,2.500000e-01,2.000000e-01,2.000000e+00,3.000000e-01,378,60,1.000000e+00,-5.239122e-11,0.000000e+00,0
2.079440e-01,1.795000e+00,2.594718e-10,2.503402e-09,2.500000e-03,2.500000e-01,2.000000e-01,2.000000e+00,3.000000e-01,379,60,1.000000e+00,-6.664566e-11,0.000000e+00,0
2.079440e-01,1.805000e+00,2.942552e-10,2.839176e-09,2.500000e-03,2.500000e-01,2.000000e-01,2.000000e+00,3.000000e-01,380,60,1.000000e+00,-8.393191e-11,0.000000e+00,0
2.079440e-01,1.815000e+00,3.322019e-10,3.205807e-09,2.500000e-03,2.500000e-01,2.000000e-01,2.000000e+00,3.000000e-01,381,60,1.000000e+00,-1.047054e-10,0.000000e+00,0
2.079440e-01,1.825000e+00,3.734066e-10,3.603593e-09,2.500000e-03,2.500000e-01,2.000000e-01,2.000000e+00,3.000000e-01,382,60,1.000000e+00,-1.294562e-10,0.000000e+00,0
2.079440e-01,1.835000e+00,4.181362e-10,4.032642e-09,2.500000e-03,2.500000e-01,2.000000e-01,2.000000e+00,3.000000e-01,383,60,1.000000e+00,-1.587074e-10,0.000000e+00,0
2.079440e-01,1.845000e+00,4.671429e-10,4.492613e-09,2.500000e-03,2.500000e-01,2.000000e-01,2.000000e+00,3.000000e-01,384,60,1.000000e+00,-1.930129e-10,0.000000e+00,0
2.079440e-01,1.855000e+00,5.221249e-10,4.982621e-09,2.500000e-03,2.500000e-01,2.000000e-01,2.000000e+00,3.000000e-01,385,60,1.000000e+00,-2.329547e-10,0.000000e+00,0
2.079440e-01,1.865000e+00,5.863213e-10,5.501161e-09,2.500000e-03,2.500000e-01,2.000000e-01,2.000000e+00,3.000000e-01,386,60,1.000000e+00,-2.791396e-10,0.000000e+00,0
2.079440e-01,1.875000e+00,6.652331e-10,6.046020e-09,2.500000e-03,2.500000e-01,2.000000e-01,2.000000e+00,3.000000e-01,387,60,1.000000e+00,-3.321951e-10,0.000000e+00,0
2.079440e-01,1.885000e+00,7.674593e-10,6.614203e-09,2.500000e-03,2.500000e-01,2.000000e-01,2.000000e+00,3.000000e-01,388,60,1.000000e+00,-3.927645e-10,0.000000e+00,0
2.079440e-01,1.895000e+00,9.056410e-10,7.201853e-09,2.500000e-03,2.500000e-01,2.000000e-01,2.000000e+00,3.000000e-01,389,60,1.000000e+00,-4.615006e-10,0.000000e+00,0
2.079440e-01,1.905000e+00,1.097507e-09,7.804189e-09,2.500000e-03,2.500000e-01,2.000000e-01,2.000000e+00,3.000000e-01,390,60,1.000000e+00,-5.390586e-10,0.000000e+00,0
2.079440e-01,1.915000e+00,1.367012e-09,8.415470e-09,2.500000e-03,2.500000e-01,2.000000e-01,2.000000e+00,3.000000e-01,391,60,1.000000e+00,-6.260863e-10,0.000000e+00,0
2.079440e-01,1.925000e+00,1.745573e-09,9.028987e-09,2.500000e-03,2.500000e-01,2.000000e-01,2.000000e+00,3.000000e-01,392,60,1.000000e+00,-7.232139e-10,0.000000e+00,0
2.079440e-01,1.935000e+00,2.273378e-09,9.637115e-09,2.500000e-03,2.500000e-01,2.000000e-01,2.000000e+00,3.000000e-01,393,60,1.000000e+00,-8.310401e-10,0.000000e+00,0
2.079440e-01,1.945000e+00,3.000801e-09,1.023144e-08,2.500000e-03,2.500000e-01,2.000000e-01,2.000000e+00,3.000000e-01,394,60,1.000000e+00,-9.501169e-10,0.000000e+00,0
2.079440e-01,1.955000e+00,3.989881e-09,1.080302e-08,2.500000e-03,2.500000e-01,2.000000e-01,2.000000e+00,3.000000e-01,395,60,1.000000e+00,-1.080931e-09,0.000000e+00,0
2.079440e-01,1.965000e+00,5.315904e-09,1.134276e-08,2.500000e-03,2.500000e-01,2.000000e-01,2.000000e+00,3.000000e-01,396,60,1.000000e+00,-1.223884e-09,0.000000e+00,0
2.079440e-01,1.975000e+00,7.069068e-09,1.184207e-08,2.500000e-03,2.500000e-01,2.000000e-01,2.000000e+00,3.000000e-01,397,60,1.000000e+00,-1.379265e-09,0.000000e+00,0
2.079440e-01,1.985000e+00,9.356244e-09,1.229382e-08,2.500000e-03,2.500000e-01,2.000000e-01,2.000000e+00,3.000001e-01,398,60,1.000000e+00,-1.547227e-09,0.000000e+00,0
2.079440e-01,1.995000e+00,1.230285e-08,1.269364e-08,2.500000e-03,2.499999e-01,2.000000e-01,2.000000e+00,3.000001e-01,399,60,1.000000e+00,-1.727754e-09,9.999997e-01,0
2.079440e-01,2.005000e+00,1.605481e-08,1.304189e-08,2.500000e-03,2.499999e-01,1.999999e-01,2.000000e+00,3.000001e-01,400,60,1.000000e+00,-1.920630e-09,9.999997e-01,0
2.079440e-01,2.015000e+00,2.078072e-08,1.334624e-08,2.500000e-03,2.499999e-01,1.999999e-01,2.000000e+00,3.000001e-01,401,60,1.000000e+00,-2.125401e-09,9.999997e-01,0
2.079440e-01,2.025000e+00,2.667404e-08,1.362519e-08,2.500000e-03,2.499999e-01,1.999999e-01,2.000000e+00,3.000001e-01,402,60,1.000000e+00,-2.341344e-09,9.999996e-01,0
2.079440e-01,2.035000e+00,3.395554e-08,1.391256e-08,2.500000e-03,2.499999e-01,1.999999e-01,2.000000e+00,3.000001e-01,403,60,1.000000e+00,-2.567423e-09,9.999996e-01,0
2.079440e-01,2.045000e+00,4.287588e-08,1.426303e-08,2.500000e-03,2.499999e-01,1.999999e-01,2.000000e+00,3.000001e-01,404,60,1.000000e+00,-2.802261e-09,9.999996e-01,0
2.079440e-01,2.055000e+00,5.371833e-08,1.475880e-08,2.500000e-03,2.499999e-01,1.999999e-01,2.000000e+00,3.000002e-01,405,60,1.000000e+00,-3.044097e-09,9.999995e-01,0
2.079440e-01,2.065000e+00,6.680167e-08,1.551708e-08,2.500000e-03,2.499998e-01,1.999999e-01,2.000000e+00,3.000002e-01,406,60,1.000000e+00,-3.290762e-09,9.999995e-01,0
2.079440e-01,2.075000e+00,8.248329e-08,1.669816e-08,2.500000e-03,2.499998e-01,1.999999e-01,2.000000e+00,3.000002e-01,407,60,1.000000e+00,-3.539648e-09,9.999994e-01,0
2.079440e-01,2.085000e+00,1.011623e-07,1.851366e-08,2.500000e-03,2.499998e-01,1.999998e-01,2.000000e+00,3.000002e-01,408,60,1.000000e+00,-3.787682e-09,9.999993e-01,0
2.079440e-01,2.095000e+00,1.232829e-07,2.123439e-08,2.500000e-03,2.499998e-01,1.999998e-01,2.000000e+00,3.000003e-01,409,60,1.000000e+00,-4.031320e-09,9.999993e-01,0
2.079440e-01,2.105000e+00,1.493375e-07,2.519707e-08,2.500000e-03,2.499997e-01,1.999998e-01,2.000000e+00,3.000003e-01,410,60,1.000000e+00,-4.266530e-09,9.999992e-01,0
2.079440e-01,2.115000e+00,1.798703e-07,3.080915e-08,2.500000e-03,2.499997e-01,1.999998e-01,2.000000e+00,3.000003e-01,411,60,1.000000e+00,-4.488794e-09,9.999992e-01,0
2.079440e-01,2.125000e+00,2.154801e-07,3.855090e-08,2.500000e-03,2.499997e-01,1.999997e-01,2.000000e+00,3.000004e-01,412,60,1.000000e+00,-4.693139e-09,9.999991e-01,0
2.079440e-01,2.135000e+00,2.568222e-07,4.897391e-08,2.500000e-03,2.499996e-01,1.999997e-01,2.000000e+00,3.000004e-01,413,60,1.000000e+00,-4.874186e-09,9.999990e-01,0
2.079440e-01,2.145000e+00,3.046090e-07,6.269472e-08,2.500000e-03,2.499996e-01,1.999997e-01,2.000000e+00,3.000005e-01,414,60,1.000000e+00,-5.026294e-09,9.999989e-01,0
2.079440e-01,2.155000e+00,3.596090e-07,8.038262e-08,2.500000e-03,2.499996e-01,1.999996e-01,2.000000e+00,3.000005e-01,415,60,1.000000e+00,-5.143813e-09,9.999989e-01,0
2.079440e-01,2.165000e+00,4.226441e-07,1.027400e-07,2.500000e-03,2.499995e-01,1.999996e-01,2.000000e+00,3.000006e-01,416,60,1.000000e+00,-5.221537e-09,9.999988e-01,0
2.079440e-01,2.175000e+00,4.945853e-07,1.304740e-07,2.500000e-03,2.499995e-01,1.999996e-01,2.000000e+00,3.000006e-01,417,60,1.000000e+00,-5.255417e-09,9.999987e-01,0
2.079440e-01,2.185000e+00,5.763468e-07,1.642594e-07,2.500000e-03,2.499994e-01,1.999995e-01,2.000000e+00,3.000007e-01,418,60,1.000000e+00,-5.243613e-09,9.999986e-01,0
2.079440e-01,2.195000e+00,6.688777e-07,2.046904e-07,2.500000e-03,2.499993e-01,1.999995e-01,2.000000e+00,3.000008e-01,419,60,1.000000e+00,-5.188001e-09,9.999984e-01,0
2.079440e-01,2.205000e+00,7.731524e-07,2.522244e-07,2.500000e-03,2.499993e-01,1.999994e-01,2.000000e+00,3.000008e-01,420,60,1.000000e+00,-5.096206e-09,9.999983e-01,0
2.079440e-01,2.215000e+00,8.901588e-07,3.071166e-07,2.500000e-03,2.499992e-01,1.999994e-01,2.000000e+00,3.000009e-01,421,60,1.000000e+00,-4.984355e-09,9.999981e-01,0
2.079440e-01,2.225000e+00,1.020885e-06,3.693484e-07,2.500000e-03,2.499991e-01,1.999993e-01,2.000000e+00,3.000010e-01,422,60,1.000000e+00,-4.880773e-09,9.999979e-01,0
2.079440e-01,2.235000e+00,1.166303e-06,4.385527e-07,2.500000e-03,2.499991e-01,1.999993e-01,2.000000e+00,3.000011e-01,423,60,1.000000e+00,-4.831345e-09,9.999976e-01,0
2.079440e-01,2.245000e+00,1.327355e-06,5.139390e-07,2.500000e-03,2.499990e-01,1.999992e-01,2.000000e+00,3.000011e-01,424,60,1.000000e+00,-4.905327e-09,9.999973e-01,0
2.079440e-01,2.255000e+00,1.504931e-06,5.942218e-07,2.500000e-03,2.499989e-01,1.999991e-01,2.000000e+00,3.000012e-01,425,60,1.000000e+00,-5.204467e-09,9.999969e-01,0
2.079440e-01,2.265000e+00,1.699856e-06,6.775579e-07,2.500000e-03,2.499988e-01,1.999991e-01,2.000000e+00,3.000013e-01,426,60,1.000000e+00,-5.874803e-09,9.999964e-01,0
2.079440e-01,2.275000e+00,1.912864e-06,7.614944e-07,2.500000e-03,2.499988e-01,1.999990e-01,2.000000e+00,3.000014e-01,427,60,1.000000e+00,-7.121752e-09,9.999959e-01,0
2.079440e-01,2.285000e+00,2.144585e-06,8.429325e-07,2.500000e-03,2.499987e-01,1.999989e-01,2.000000e+00,3.000015e-01,428,60,1.000000e+00,-9.227841e-09,9.999952e-01,0
2.079440e-01,2.295000e+00,2.395518e-06,9.181111e-07,2.500000e-03,2.499986e-01,1.999988e-01,2.000000e+00,3.000017e-01,429,60,1.000000e+00,-1.257016e-08,9.999943e-01,0
2.079440e-01,2.305001e+00,2.666018e-06,9.826147e-07,2.500000e-03,2.499984e-01,1.999988e-01,2.000000e+00,3.000018e-01,430,60,1.000000e+00,-1.763155e-08,9.999933e-01,0
2.079440e-01,2.315001e+00,2.956273e-06,1.031413e-06,2.500000e-03,2.499983e-01,1.999986e-01,2.000000e+00,3.000019e-01,431,60,1.000000e+00,-2.499691e-08,9.999921e-01,0
2.079440e-01,2.325001e+00,3.266288e-06,1.058934e-06,2.500000e-03,2.499981e-01,1.999985e-01,2.000000e+00,3.000021e-01,432,60,1.000000e+00,-3.532771e-08,9.999906e-01,0
2.079440e-01,2.335001e+00,3.595872e-06,1.059184e-06,2.500000e-03,2.499980e-01,1.999984e-01,2.000000e+00,3.000023e-01,433,60,1.000000e+00,-4.931410e-08,9.999890e-01,0
2.079440e-01,2.345001e+00,3.944620e-06,1.025904e-06,2.500000e-03,2.499977e-01,1.999982e-01,2.000000e+00,3.000026e-01,434,60,1.000000e+00,-6.760583e-08,9.999870e-01,0
2.079440e-01,2.355001e+00,4.311905e-06,9.527765e-07,2.500000e-03,2.499974e-01,1.999979e-01,2.000000e+00,3.000029e-01,435,60,1.000000e+00,-9.073537e-08,9.999848e-01,0
2.079440e-01,2.365001e+00,4.696870e-06,8.336762e-07,2.500000e-03,2.499971e-01,1.999976e-01,2.000000e+00,3.000033e-01,436,60,1.000000e+00,-1.190394e-07,9.999823e-01,0
2.079440e-01,2.375001e+00,5.098419e-06,6.629530e-07,2.500000e-03,2.499966e-01,1.999973e-01,2.000000e+00,3.000038e-01,437,60,1.000000e+00,-1.525895e-07,9.999795e-01,0
2.079440e-01,2.385001e+00,5.515214e-06,4.357481e-07,2.500000e-03,2.499960e-01,1.999968e-01,2.000000e+00,3.000045e-01,438,60,1.000000e+00,-1.911265e-07,9.999764e-01,0
2.079440e-01,2.395001e+00,5.945670e-06,1.483256e-07,2.500000e-03,2.499953e-01,1.999962e-01,2.000000e+00,3.000053e-01,439,60,1.000000e+00,-2.340213e-07,9.999730e-01,0
2.079440e-01,2.405001e+00,6.387949e-06,-2.015889e-07,2.500000e-03,2.499944e-01,1.999955e-01,2.000000e+00,3.000063e-01,440,60,1.000000e+00,-2.802281e-07,9.999695e-01,0
2.079440e-01,2.415001e+00,6.840270e-06,-6.144753e-07,2.500000e-03,2.499933e-01,1.999947e-01,2.000000e+00,3.000074e-01,441,60,1.000000e+00,-3.283656e-07,9.999657e-01,0
2.079440e-01,2.425002e+00,7.301104e-06,-1.087578e-06,2.500000e-03,2.499920e-01,1.999936e-01,2.000000e+00,3.000089e-01,442,60,1.000000e+00,-3.766739e-07,9.999618e-01,0
2.079440e-01,2.435002e+00,7.770615e-06,-1.610349e-06,2.500000e-03,2.499905e-01,1.999924e-01,2.000000e+00,3.000106e-01,443,60,1.000000e+00,-4.229460e-07,9.999579e-01,0
2.079440e-01,2.445002e+00,8.252370e-06,-2.156103e-06,2.500000e-03,2.499886e-01,1.999909e-01,2.000000e+00,3.000126e-01,444,60,1.000000e+00,-4.644920e-07,9.999540e-01,0
2.079440e-01,2.455002e+00,8.756117e-06,-2.670197e-06,2.500000e-03,2.499865e-01,1.999892e-01,2.000000e+00,3.000149e-01,445,60,1.000000e+00,-4.982182e-07,9.999503e-01,0
2.079440e-01,2.465002e+00,9.301107e-06,-3.054768e-06,2.500000e-03,2.499841e-01,1.999873e-01,2.000000e+00,3.000176e-01,446,60,1.000000e+00,-5.207398e-07,9.999470e-01,0
2.079440e-01,2.475002e+00,9.920399e-06,-3.149686e-06,2.500000e-03,2.499813e-01,1.999851e-01,2.000000e+00,3.000206e-01,447,60,1.000000e+00,-5.285376e-07,9.999442e-01,0
2.079440e-01,2.485002e+00,1.066629e-05,-2.708915e-06,2.500000e-03,2.499783e-01,1.999826e-01,2.000000e+00,3.000239e-01,448,60,1.000000e+00,-5.181564e-07,9.999420e-01,0
2.079440e-01,2.495002e+00,1.161627e-05,-1.370777e-06,2.500000e-03,2.499750e-01,1.999800e-01,2.000000e+00,3.000276e-01,449,60,1.000000e+00,-4.864337e-07,9.999406e-01,0
2.079440e-01,2.505003e+00,1.288248e-05,1.380429e-06,2.500000e-03,2.499714e-01,1.999771e-01,2.000000e+00,3.000315e-01,450,60,1.000000e+00,-4.307199e-07,9.999401e-01,0
2.079440e-01,2.515003e+00,1.462449e-05,6.265606e-06,2.500000e-03,2.499676e-01,1.999741e-01,2.000000e+00,3.000357e-01,451,60,1.000000e+00,-3.490701e-07,9.999405e-01,0
2.079440e-01,2.525003e+00,1.709437e-05,1.452019e-05,2.500000e-03,2.499636e-01,1.999709e-01,2.000000e+00,3.000400e-01,452,61,1.000000e+00,-2.403751e-07,9.999417e-01,0
2.079440e-01,2.535004e+00,2.057535e-05,2.739115e-05,2.500000e-03,2.499596e-01,1.999677e-01,2.000000e+00,3.000445e-01,453,61,1.000000e+00,-1.044322e-07,9.999436e-01,0
2.079440e-01,2.545004e+00,2.552913e-05,4.709175e-05,2.500000e-03,2.499555e-01,1.999644e-01,2.000000e+00,3.000489e-01,454,61,1.000000e+00,5.807205e-08,9.999454e-01,0
2.079440e-01,2.555005e+00,3.258306e-05,7.665360e-05,2.500000e-03,2.499516e-01,1.999613e-01,2.000000e+00,3.000532e-01,455,61,1.000000e+00,2.456212e-07,9.999462e-01,0
2.079440e-01,2.565006e+00,4.258121e-05,1.201413e-04,2.500000e-03,2.499479e-01,1.999583e-01,2.000000e+00,3.000573e-01,456,61,1.000000e+00,4.561892e-07,9.999445e-01,0
2.079440e-01,2.575008e+00,5.659703e-05,1.826871e-04,2.500000e-03,2.499445e-01,1.999556e-01,2.000000e+00,3.000610e-01,457,61,1.000000e+00,6.871996e-07,9.999377e-01,0
2.079440e-01,2.585010e+00,7.586430e-05,2.700909e-04,2.500000e-03,2.499417e-01,1.999534e-01,2.000000e+00,3.000641e-01,458,61,1.000000e+00,9.352918e-07,9.999225e-01,0
2.079440e-01,2.595013e+00,1.015813e-04,3.877950e-04,2.500000e-03,2.499395e-01,1.999516e-01,2.000000e+00,3.000665e-01,459,61,1.000000e+00,1.195983e-06,9.998939e-01,0
2.079440e-01,2.605016e+00,1.345845e-04,5.392317e-04,2.500000e-03,2.499382e-01,1.999505e-01,2.000000e+00,3.000680e-01,460,61,1.000000e+00,1.463423e-06,9.998449e-01,0
2.079440e-01,2.615020e+00,1.749925e-04,7.232595e-04,2.500000e-03,2.499378e-01,1.999502e-01,2.000000e+00,3.000684e-01,461,61,1.000000e+00,1.730104e-06,9.997664e-01,0
2.079440e-01,2.625025e+00,2.221890e-04,9.358402e-04,2.500000e-03,2.499386e-01,1.999508e-01,2.000000e+00,3.000675e-01,462,61,1.000000e+00,1.986697e-06,9.996460e-01,0
2.079440e-01,2.635031e+00,2.746519e-04,1.167314e-03,2.500000e-03,2.499406e-01,1.999525e-01,2.000000e+00,3.000652e-01,463,61,1.000000e+00,2.222267e-06,9.994678e-01,0
2.079440e-01,2.645037e+00,3.303765e-04,1.406250e-03,2.500000e-03,2.499441e-01,1.999553e-01,2.000000e+00,3.000614e-01,464,61,1.000000e+00,2.424856e-06,9.992113e-01,0
2.079440e-01,2.655043e+00,3.870732e-04,1.638516e-03,2.500000e-03,2.499491e-01,1.999592e-01,2.000000e+00,3.000559e-01,465,61,1.000000e+00,2.582276e-06,9.988513e-01,0
2.079440e-01,2.665049e+00,4.425485e-04,1.852499e-03,2.500000e-03,2.499556e-01,1.999645e-01,2.000000e+00,3.000487e-01,466,61,1.000000e+00,2.682915e-06,9.983565e-01,0
2.079440e-01,2.675054e+00,4.944940e-04,2.036781e-03,2.500000e-03,2.499638e-01,1.999710e-01,2.000000e+00,3.000397e-01,467,60,1.000000e+00,2.716363e-06,9.976892e-01,0
2.079440e-01,2.685060e+00,5.412315e-04,2.183315e-03,2.500000e-03,2.499736e-01,1.999789e-01,2.000000e+00,3.000289e-01,468,60,1.000000e+00,2.673852e-06,9.968051e-01,0
2.079440e-01,2.695064e+00,5.811859e-04,2.287782e-03,2.500000e-03,2.499849e-01,1.999879e-01,2.000000e+00,3.000165e-01,469,60,1.000000e+00,2.548487e-06,9.956522e-01,0
2.079440e-01,2.705068e+00,6.173049e-04,2.376201e-03,2.500000e-03,2.499977e-01,1.999981e-01,2.000000e+00,3.000024e-01,470,59,1.000000e+00,2.335027e-06,9.941712e-01,0
2.079440e-01,2.715072e+00,6.474895e-04,2.434399e-03,2.500000e-03,2.500109e-01,2.000087e-01,2.000000e+00,2.999879e-01,471,58,1.000000e+00,5.814366e-07,9.922953e-01,0
2.079440e-01,2.725075e+00,6.692046e-04,2.457840e-03,2.500000e-03,2.500194e-01,2.000155e-01,2.000000e+00,2.999792e-01,472,57,1.000000e+00,-5.275316e-06,9.899522e-01,0
2.079440e-01,2.735076e+00,6.801147e-04,2.442002e-03,2.500000e-03,2.500130e-01,2.000104e-01,2.000000e+00,2.999885e-01,473,56,1.000000e+00,-1.746177e-05,9.870686e-01,0
2.079440e-01,2.745076e+00,6.807239e-04,2.391157e-03,2.500000e-03,2.499761e-01,1.999809e-01,2.000000e+00,3.000343e-01,474,55,1.000000e+00,-3.793918e-05,9.835735e-01,0
2.079440e-01,2.755076e+00,6.713474e-04,2.307708e-03,2.500000e-03,2.498879e-01,1.999103e-01,2.000000e+00,3.001419e-01,475,55,1.000000e+00,-6.848473e-05,9.794024e-01,0
2.079440e-01,2.765074e+00,6.522656e-04,2.195280e-03,2.500000e-03,2.497211e-01,1.997769e-01,2.000000e+00,3.003440e-01,476,54,1.000000e+00,-1.107733e-04,9.745004e-01,0
2.079440e-01,2.775071e+00,6.238761e-04,2.058625e-03,2.500000e-03,2.494416e-01,1.995533e-01,2.000000e+00,3.006822e-01,477,53,1.000000e+00,-1.664553e-04,9.688258e-01,0
2.079440e-01,2.785066e+00,5.865399e-04,1.902455e-03,2.500000e-03,2.490069e-01,1.992055e-01,2.000000e+00,3.012086e-01,478,52,1.000000e+00,-2.372277e-04,9.623528e-01,0
2.079440e-01,2.795061e+00,5.403949e-04,1.730323e-03,2.500000e-03,2.483650e-01,1.986920e-01,2.000000e+00,3.019884e-01,479,51,1.000000e+00,-3.248959e-04,9.550752e-01,0
2.079440e-01,2.805055e+00,4.851066e-04,1.544176e-03,2.500000e-03,2.474524e-01,1.979619e-01,2.000000e+00,3.031035e-01,480,50,1.000000e+00,-4.314223e-04,9.470099e-01,0
2.079440e-01,2.815047e+00,4.195470e-04,1.339567e-03,2.500000e-03,2.461916e-01,1.969533e-01,2.000000e+00,3.046569e-01,481,49,1.000000e+00,-5.589552e-04,9.381997e-01,0
2.079440e-01,2.825037e+00,3.415281e-04,1.107502e-03,2.500000e-03,2.444889e-01,1.955911e-01,2.000000e+00,3.067795e-01,482,48,1.000000e+00,-7.098223e-04,9.287181e-01,0
2.079440e-01,2.835026e+00,2.475012e-04,8.352315e-04,2.500000e-03,2.422315e-01,1.937851e-01,2.000000e+00,3.096393e-01,483,47,1.000000e+00,-8.864679e-04,9.186728e-01,0
2.079440e-01,2.845012e+00,1.326283e-04,5.016492e-04,2.500000e-03,2.392847e-01,1.914278e-01,2.000000e+00,3.134531e-01,484,47,1.000000e+00,-1.091061e-03,9.082101e-01,0
2.079440e-01,2.854996e+00,-8.818061e-06,8.000518e-05,2.500000e-03,2.354941e-01,1.883953e-01,2.000000e+00,3.184992e-01,485,46,1.000000e+00,-1.321495e-03,8.975200e-01,0
2.079440e-01,2.864976e+00,-1.798003e-04,-4.545678e-04,2.500000e-03,2.307151e-01,1.845721e-01,1.999999e+00,3.250972e-01,486,46,1.000000e+00,-1.562776e-03,8.868373e-01,0
2.079440e-01,2.874953e+00,-3.775148e-04,-1.106336e-03,2.500000e-03,2.248531e-01,1.798825e-01,1.999999e+00,3.335737e-01,487,46,1.000000e+00,-1.793136e-03,8.764287e-01,0
2.079440e-01,2.884929e+00,-5.917029e-04,-1.850399e-03,2.500000e-03,2.178945e-01,1.743156e-01,1.999999e+00,3.442282e-01,488,46,1.000000e+00,-1.984963e-03,8.665629e-01,0
2.079440e-01,2.894906e+00,-8.057054e-04,-2.633742e-03,2.500000e-03,2.099332e-01,1.679465e-01,1.999999e+00,3.572842e-01,489,46,1.000000e+00,-2.110723e-03,8.574753e-01,0
2.079440e-01,2.904885e+00,-9.976504e-04,-3.385706e-03,2.500000e-03,2.011759e-01,1.609407e-01,1.999999e+00,3.728389e-01,490,47,1.000000e+00,-2.148359e-03,8.493339e-01,0
2.079440e-01,2.914870e+00,-1.144194e-03,-4.002292e-03,2.500000e-03,1.919154e-01,1.535323e-01,1.999999e+00,3.908308e-01,491,48,1.000000e+00,-2.089397e-03,8.422201e-01,0
2.079440e-01,2.924861e+00,-1.231377e-03,-4.408035e-03,2.500000e-03,1.824779e-01,1.459823e-01,1.999999e+00,4.110443e-01,492,49,1.000000e+00,-1.941559e-03,8.361290e-01,0
2.079440e-01,2.934859e+00,-1.257769e-03,-4.584167e-03,2.500000e-03,1.731635e-01,1.385308e-01,1.999999e+00,4.331530e-01,493,50,1.000000e+00,-1.724704e-03,8.309895e-01,0
2.079440e-01,2.944862e+00,-1.232028e-03,-4.559258e-03,2.500000e-03,1.642054e-01,1.313643e-01,2.000000e+00,4.567805e-01,494,51,1.000000e+00,-1.463589e-03,8.266910e-01,0
2.079440e-01,2.954870e+00,-1.166827e-03,-4.380313e-03,2.500000e-03,1.557557e-01,1.246045e-01,2.000000e+00,4.815570e-01,495,53,1.000000e+00,-1.181356e-03,8.231091e-01,0
2.079440e-01,2.964881e+00,-1.074247e-03,-4.090728e-03,2.500000e-03,1.478930e-01,1.183144e-01,2.000000e+00,5.071546e-01,496,54,1.000000e+00,-8.958129e-04,8.201231e-01,0
2.079440e-01,2.974893e+00,-9.642621e-04,-3.726174e-03,2.500000e-03,1.406405e-01,1.125124e-01,2.000000e+00,5.333023e-01,497,56,1.000000e+00,-6.189077e-04,8.176249e-01,0
2.079440e-01,2.984907e+00,-8.441887e-04,-3.309231e-03,2.500000e-03,1.339856e-01,1.071884e-01,2.000000e+00,5.597862e-01,498,57,1.000000e+00,-3.574158e-04,8.155230e-01,0
2.079440e-01,2.994921e+00,-7.186843e-04,-2.855988e-03,2.500000e-03,1.278942e-01,1.023153e-01,2.000000e+00,5.864429e-01,499,59,1.000000e+00,-1.147552e-04,0.000000e+00,0
